chr	start	end	startCpG	endCpG	GSM5652176_Adipocytes-Z000000T7	GSM5652177_Adipocytes-Z000000T9	GSM5652178_Adipocytes-Z000000T5	GSM5652179_Aorta-Endothel-Z00000422	GSM5652180_Aorta-Endothel-Z0000043G	GSM5652181_Saphenous-Vein-Endothel-Z000000RM	GSM5652182_Saphenous-Vein-Endothel-Z000000S7	GSM5652183_Saphenous-Vein-Endothel-Z000000SB	GSM5652184_Kidney-Glomerular-Endothel-Z000000Q5	GSM5652185_Kidney-Glomerular-Endothel-Z00000443	GSM5652186_Kidney-Glomerular-Endothel-Z0000045J	GSM5652187_Kidney-Tubular-Endothel-Z000000PX	GSM5652188_Kidney-Tubular-Endothel-Z000000Q3	GSM5652189_Kidney-Tubular-Endothel-Z0000042R	GSM5652190_Liver-Endothelium-Z000000RB	GSM5652191_Lung-Alveolar-Endothel-Z000000Q1	GSM5652192_Lung-Alveolar-Endothel-Z000000QK	GSM5652193_Lung-Alveolar-Endothel-Z0000045H	GSM5652194_Pancreas-Endothel-Z0000042D	GSM5652195_Pancreas-Endothel-Z0000042X	GSM5652196_Pancreas-Endothel-Z00000430	GSM5652197_Pancreas-Islet-Endothel-Z0000042Y	GSM5652198_Colon-Fibroblasts-Z0000042A	GSM5652199_Colon-Fibroblasts-Z0000042C	GSM5652200_Heart-Fibroblasts-Z0000043R	GSM5652201_Heart-Fibroblasts-Z0000041V	GSM5652202_Heart-Fibroblasts-Z0000041W	GSM5652203_Heart-Fibroblasts-Z0000041X	GSM5652204_Dermal-Fibroblasts-Z00000423	GSM5652205_Skeletal-Muscle-Z00000427	GSM5652206_Skeletal-Muscle-Z00000429	GSM5652207_Aorta-Smooth-Muscle-Z0000041U	GSM5652208_Coronary-Artery-Smooth-Muscle-Z00000420	GSM5652209_Bladder-Smooth-Muscle-Z0000041Z	GSM5652210_Prostate-Smooth-Muscle-Z0000041Y	GSM5652211_Lung-Bronchus-Smooth-Muscle-Z00000421	GSM5652212_Heart-Cardiomyocyte-Z0000044G	GSM5652213_Heart-Cardiomyocyte-Z0000044K	GSM5652214_Heart-Cardiomyocyte-Z0000044N	GSM5652215_Heart-Cardiomyocyte-Z0000044P	GSM5652216_Heart-Cardiomyocyte-Z0000044Q	GSM5652217_Heart-Cardiomyocyte-Z0000044R	GSM5652218_Bone-Osteoblasts-Z0000042Z	GSM5652219_Oligodendrocytes-Z000000TK	GSM5652220_Oligodendrocytes-Z0000042E	GSM5652221_Oligodendrocytes-Z0000042L	GSM5652222_Oligodendrocytes-Z0000042N	GSM5652223_Cortex-Neuron-Z000000TF	GSM5652224_Neuron-Z000000TH	GSM5652225_Cortex-Neuron-Z0000042F	GSM5652226_Cortex-Neuron-Z0000042H	GSM5652227_Cortex-Neuron-Z0000042J	GSM5652228_Cortex-Neuron-Z0000042M	GSM5652229_Cortex-Neuron-Z0000042P	GSM5652230_Cortex-Neuron-Z0000042K	GSM5652231_Cerebellum-Neuron-Z000000TB	GSM5652232_Cortex-Neuron-Z000000TD	GSM5652233_Liver-Hepatocytes-Z000000R3	GSM5652234_Liver-Hepatocytes-Z000000T3	GSM5652235_Liver-Hepatocytes-Z0000043Q	GSM5652236_Liver-Hepatocytes-Z0000044H	GSM5652237_Liver-Hepatocytes-Z0000044M	GSM5652238_Liver-Hepatocytes-Z00000431	GSM5652239_Pancreas-Duct-Z0000043T	GSM5652240_Pancreas-Duct-Z0000043U	GSM5652241_Pancreas-Duct-Z0000043V	GSM5652242_Pancreas-Duct-Z000000QZ	GSM5652243_Pancreas-Acinar-Z000000QX	GSM5652244_Pancreas-Acinar-Z0000043W	GSM5652245_Pancreas-Acinar-Z0000043X	GSM5652246_Pancreas-Acinar-Z0000043Y	GSM5652247_Pancreas-Delta-Z00000451	GSM5652248_Pancreas-Delta-Z00000454	GSM5652249_Pancreas-Delta-Z00000457	GSM5652250_Pancreas-Beta-Z00000452	GSM5652251_Pancreas-Beta-Z00000455	GSM5652252_Pancreas-Beta-Z00000458	GSM5652253_Pancreas-Alpha-Z00000453	GSM5652254_Pancreas-Alpha-Z00000456	GSM5652255_Pancreas-Alpha-Z00000459	GSM5652256_Kidney-Glomerular-Epithelial-Z0000045K	GSM5652257_Kidney-Glomerular-Epithelial-Z0000045L	GSM5652258_Kidney-Tubular-Epithelial-Z000000QH	GSM5652259_Kidney-Tubular-Epithelial-Z0000043Z	GSM5652260_Kidney-Tubular-Epithelial-Z00000440	GSM5652261_Kidney-Glomerular-Podocytes-Z0000042W	GSM5652262_Kidney-Glomerular-Podocytes-Z00000441	GSM5652263_Kidney-Glomerular-Podocytes-Z00000442	GSM5652264_Thyroid-Epithelial-Z0000042S	GSM5652265_Thyroid-Epithelial-Z0000042T	GSM5652266_Thyroid-Epithelial-Z0000042U	GSM5652267_Fallopian-Epithelial-Z000000Q7	GSM5652268_Fallopian-Epithelial-Z000000S9	GSM5652269_Fallopian-Epithelial-Z000000UV	GSM5652270_Ovary-Epithelial-Z000000QT	GSM5652271_Endometrium-Epithelial-Z00000434	GSM5652272_Endometrium-Epithelial-Z00000435	GSM5652273_Endometrium-Epithelial-Z0000043S	GSM5652274_Bone_marrow-Erythrocyte_progenitors-Z000000RF	GSM5652275_Bone_marrow-Erythrocyte_progenitors-Z000000RH	GSM5652276_Bone_marrow-Erythrocyte_progenitors-Z000000RK	GSM5652277_Blood-T-CD3-Z000000TV	GSM5652278_Blood-T-CD3-Z000000UP	GSM5652279_Blood-T-CD4-Z000000TT	GSM5652280_Blood-T-CD4-Z000000U7	GSM5652281_Blood-T-CD4-Z000000UM	GSM5652282_Blood-T-CD8-Z000000TR	GSM5652283_Blood-T-CD8-Z000000U5	GSM5652284_Blood-T-CD8-Z000000UK	GSM5652285_Blood-T-CenMem-CD4-Z00000417	GSM5652286_Blood-T-CenMem-CD4-Z0000041D	GSM5652287_Blood-T-CenMem-CD4-Z0000041N	GSM5652288_Blood-T-Eff-CD8-Z00000419	GSM5652289_Blood-T-Eff-CD8-Z0000041F	GSM5652290_Blood-T-Eff-CD8-Z0000041Q	GSM5652291_Blood-T-EffMem-CD4-Z00000416	GSM5652292_Blood-T-EffMem-CD4-Z0000041C	GSM5652293_Blood-T-EffMem-CD4-Z0000041M	GSM5652294_Blood-T-EffMem-CD8-Z0000041A	GSM5652295_Blood-T-EffMem-CD8-Z0000041G	GSM5652296_Blood-T-Naive-CD4-Z0000041E	GSM5652297_Blood-T-Naive-CD8-Z0000041B	GSM5652298_Blood-T-Naive-CD8-Z0000041H	GSM5652299_Blood-NK-Z000000TM	GSM5652300_Blood-NK-Z000000U1	GSM5652301_Blood-NK-Z000000UF	GSM5652302_Blood-Monocytes-Z000000TP	GSM5652303_Blood-Monocytes-Z000000U3	GSM5652304_Blood-Monocytes-Z000000UH	GSM5652305_Colon-Macrophages-Z00000444	GSM5652306_Colon-Macrophages-Z00000446	GSM5652307_Liver-Macrophages-Z0000043P	GSM5652308_Lung-Alveolar-Macrophages-Z00000448	GSM5652309_Lung-Alveolar-Macrophages-Z0000044C	GSM5652310_Lung-Interstitial-Macrophages-Z00000447	GSM5652311_Lung-Interstitial-Macrophages-Z0000044D	GSM5652312_Lung-Interstitial-Macrophages-Z0000044E	GSM5652313_Blood-Granulocytes-Z000000TZ	GSM5652314_Blood-Granulocytes-Z000000UD	GSM5652315_Blood-Granulocytes-Z000000UT	GSM5652316_Blood-B-Z000000TX	GSM5652317_Blood-B-Z000000UB	GSM5652318_Blood-B-Z000000UR	GSM5652319_Blood-B-Mem-Z0000041J	GSM5652320_Blood-B-Mem-Z0000041K	GSM5652321_Epidermal-Keratinocytes-Z00000424	GSM5652322_Tonsil-Palatine-Epithelial-Z000000QF	GSM5652323_Tonsil-Palatine-Epithelial-Z000000RP	GSM5652324_Tonsil-Palatine-Epithelial-Z000000RR	GSM5652325_Tonsil-Pharyngeal-Epithelial-Z000000Q9	GSM5652326_Tonsil-Pharyngeal-Epithelial-Z000000S1	GSM5652327_Tongue-Epithelial-Z000000QV	GSM5652328_Tongue-Epithelial-Z00000449	GSM5652329_Tongue-Epithelial-Z0000044F	GSM5652330_Tongue_base-Epithelial-Z0000044B	GSM5652331_Larynx-Epithelial-Z000000QB	GSM5652332_Esophagus-Epithelial-Z000000PZ	GSM5652333_Esophagus-Epithelial-Z00000426	GSM5652334_Pharynx-Epithelial-Z0000044A	GSM5652335_Lung-Bronchus-Epithelial-Z000000QD	GSM5652336_Lung-Bronchus-Epithelial-Z000000RZ	GSM5652337_Lung-Bronchus-Epithelial-Z000000S5	GSM5652338_Prostate-Epithelial-Z000000RV	GSM5652339_Prostate-Epithelial-Z000000S3	GSM5652340_Prostate-Epithelial-Z0000045F	GSM5652341_Prostate-Epithelial-Z0000045G	GSM5652342_Bladder-Epithelial-Z000000QM	GSM5652343_Bladder-Epithelial-Z000000QP	GSM5652344_Bladder-Epithelial-Z0000043F	GSM5652345_Bladder-Epithelial-Z0000044L	GSM5652346_Bladder-Epithelial-Z00000450	GSM5652347_Breast-Luminal-Epithelial-Z000000V2	GSM5652348_Breast-Luminal-Epithelial-Z000000VJ	GSM5652349_Breast-Luminal-Epithelial-Z000000VN	GSM5652350_Breast-Basal-Epithelial-Z000000V6	GSM5652351_Breast-Basal-Epithelial-Z000000VG	GSM5652352_Breast-Basal-Epithelial-Z000000VL	GSM5652353_Breast-Basal-Epithelial-Z0000043E	GSM5652354_Lung-Alveolar-Epithelial-Z000000T1	GSM5652355_Lung-Alveolar-Epithelial-Z000000VC	GSM5652356_Lung-Alveolar-Epithelial-Z000000VE	GSM5652357_Lung-Pleura-Z0000042B	GSM5652358_Gallbladder-Epithelial-Z00000432	GSM5652359_Gastric-fundus-Epithelial-Z000000RX	GSM5652360_Gastric-fundus-Epithelial-Z000000SK	GSM5652361_Gastric-fundus-Epithelial-Z000000SV	GSM5652362_Gastric-body-Epithelial-Z000000SD	GSM5652363_Gastric-body-Epithelial-Z000000SM	GSM5652364_Gastric-body-Epithelial-Z000000ST	GSM5652365_Gastric-antrum-Epithelial-Z000000SF	GSM5652366_Gastric-antrum-Epithelial-Z000000SP	GSM5652367_Gastric-antrum-Epithelial-Z000000SR	GSM5652368_Gastric-antrum-Endocrine-Z00000437	GSM5652369_Gastric-antrum-Endocrine-Z00000438	GSM5652370_Colon-Right-Epithelial-Z000000V0	GSM5652371_Colon-Right-Epithelial-Z000000V8	GSM5652372_Colon-Right-Endocrine-Z0000044S	GSM5652373_Colon-Left-Epithelial-Z000000VA	GSM5652374_Colon-Left-Endocrine-Z0000044J	GSM5652375_Colon-Left-Endocrine-Z0000044T	GSM5652376_Colon-Left-Epithelial-Z0000043B	GSM5652377_Colon-Left-Epithelial-Z0000043C	GSM5652378_Small-int-Epithelial-Z0000042V	GSM5652379_Small-int-Epithelial-Z000000RT	GSM5652380_Small-int-Epithelial-Z000000UW	GSM5652381_Small-int-Epithelial-Z000000UY	GSM5652382_Small-int-Endocrine-Z00000436	GSM6810003_CNVS-NORM-110000263-cfDNA-WGBS-Rep1	GSM6810004_CNVS-NORM-110000264-cfDNA-WGBS-Rep1	GSM6810005_CNVS-NORM-110027051-cfDNA-WGBS-Rep1	GSM6810006_CNVS-NORM-110027054-cfDNA-WGBS-Rep2	GSM6810007_CNVS-NORM-110029639-cfDNA-WGBS-Rep1	GSM6810008_CNVS-NORM-110029979-cfDNA-WGBS-Rep1	GSM6810009_CNVS-NORM-110032739-cfDNA-WGBS-Rep1	GSM6810010_CNVS-NORM-110032789-cfDNA-WGBS-Rep1	GSM6810011_CNVS-NORM-110033253-cfDNA-WGBS-Rep1	GSM6810012_CNVS-NORM-110033397-cfDNA-WGBS-Rep1	GSM6810013_CNVS-NORM-110033577-cfDNA-WGBS-Rep1	GSM6810014_CNVS-NORM-110033633-cfDNA-WGBS-Rep1	GSM6810015_CNVS-NORM-110033727-cfDNA-WGBS-Rep1	GSM6810016_CNVS-NORM-110033745-cfDNA-WGBS-Rep1	GSM6810017_CNVS-NORM-110033746-cfDNA-WGBS-Rep1	GSM6810018_CNVS-NORM-110033750-cfDNA-WGBS-Rep1	GSM6810019_CNVS-NORM-110033907-cfDNA-WGBS-Rep1	GSM6810020_CNVS-NORM-110033912-cfDNA-WGBS-Rep1	GSM6810021_CNVS-NORM-110033933-cfDNA-WGBS-Rep1	GSM6810022_CNVS-NORM-110036059-cfDNA-WGBS-Rep1	GSM6810023_CNVS-NORM-110036107-cfDNA-WGBS-Rep1	GSM6810024_CNVS-NORM-110036138-cfDNA-WGBS-Rep1	GSM6810025_CNVS-NORM-110036152-cfDNA-WGBS-Rep1	GSM6810026_CNVS-NORM-110000263-WBC-WGBS-Rep1	GSM6810027_CNVS-NORM-110000264-WBC-WGBS-Rep1	GSM6810028_CNVS-NORM-110027051-WBC-WGBS-Rep1	GSM6810029_CNVS-NORM-110027054-WBC-WGBS-Rep1	GSM6810030_CNVS-NORM-110029639-WBC-WGBS-Rep1	GSM6810031_CNVS-NORM-110029979-WBC-WGBS-Rep1	GSM6810032_CNVS-NORM-110032739-WBC-WGBS-Rep1	GSM6810033_CNVS-NORM-110032789-WBC-WGBS-Rep1	GSM6810034_CNVS-NORM-110033253-WBC-WGBS-Rep1	GSM6810035_CNVS-NORM-110033397-WBC-WGBS-Rep1	GSM6810036_CNVS-NORM-110033577-WBC-WGBS-Rep1	GSM6810037_CNVS-NORM-110033633-WBC-WGBS-Rep1	GSM6810038_CNVS-NORM-110033727-WBC-WGBS-Rep1	GSM6810039_CNVS-NORM-110033745-WBC-WGBS-Rep1	GSM6810040_CNVS-NORM-110033746-WBC-WGBS-Rep1	GSM6810041_CNVS-NORM-110033750-WBC-WGBS-Rep1	GSM6810042_CNVS-NORM-110033907-WBC-WGBS-Rep1	GSM6810043_CNVS-NORM-110033912-WBC-WGBS-Rep1	GSM6810044_CNVS-NORM-110033933-WBC-WGBS-Rep1	GSM6810045_CNVS-NORM-110036059-WBC-WGBS-Rep1	GSM6810046_CNVS-NORM-110036107-WBC-WGBS-Rep1	GSM6810047_CNVS-NORM-110036138-WBC-WGBS-Rep1
chr1	40024612	40025530	640261	640301	0.61	0.66	0.55	0.79	0.70	0.62	0.84	0.69	0.63	0.76	0.62	0.84	0.79	0.72	0.84	0.85	0.57	0.74	0.68	0.61	0.74	0.62	0.49	0.52	0.44	0.53	0.53	0.49	0.50	0.65	0.60	0.45	0.46	0.51	0.52	0.45	0.48	0.48	0.60	0.47	0.56	0.46	0.48	0.53	0.43	0.51	0.48	0.51	0.51	0.44	0.38	0.49	0.46	0.44	0.49	0.45	0.40	0.51	0.58	0.66	0.63	0.71	0.59	0.40	0.52	0.57	0.48	0.94	0.93	0.89	0.94	0.52	0.41	0.53	0.51	0.50	0.55	0.40	0.50	0.52	0.49	0.51	0.51	0.49	0.48	0.46	0.48	0.53	0.52	0.48	0.48	0.51	0.31	0.52	0.45	0.51	0.52	0.44	0.65	0.56	0.56	0.67	0.58	0.68	0.62	0.56	0.63	0.56	0.53	0.61	0.62	0.57	0.75	0.57	0.61	0.72	0.60	0.61	0.75	0.64	0.64	0.71	0.71	0.73	0.63	0.61	0.69	0.63	0.51	0.66	0.69	0.68	0.65	0.62	0.70	0.61	0.93	0.66	0.64	0.55	0.70	0.54	0.56	0.63	0.64	0.51	0.56	0.50	0.45	0.51	0.42	0.45	0.48	0.46	0.65	0.65	0.38	0.65	0.62	0.41	0.47	0.44	0.46	0.50	0.53	0.50	0.51	0.56	0.62	0.54	0.47	0.49	0.38	0.55	0.53	0.35	0.41	0.48	0.42	0.50	0.60	0.47	0.50	0.50	0.58	0.68	0.56	0.57	0.63	0.43	0.57	0.61	0.59	0.58	0.52	0.61	0.61	0.67	0.64	0.71	0.72	0.57	0.96	0.91	0.71	0.87	0.97	0.63	0.69	0.75	0.77	0.59	0.70	0.94	0.72	0.77	0.68	0.74	0.73	0.70	0.76	0.71	0.74	0.64	0.81	0.72	0.69	0.73	0.70	0.67	0.65	0.68	0.72	0.62	0.63	0.63	0.85	0.70	0.69	0.75	0.63	0.58	0.64	0.69	0.70	0.65	0.56	0.71	0.69	0.70	0.65	0.67
chr1	68512505	68513005	918978	919010	0.60	0.66	0.72	0.79	0.67	0.70	0.43	0.56	0.74	0.58	0.64	0.60	0.71	0.59	0.59	0.56	0.70	0.79	0.75	0.79	0.71	0.78	0.71	0.73	0.73	0.75	0.79	0.78	0.80	0.76	0.67	0.79	0.50	0.78	0.71	0.79	0.82	0.78	0.67	0.61	0.77	0.74	0.63	0.60	0.68	0.68	0.64	0.71	0.78	0.70	0.74	0.86	0.73	0.73	0.70	0.59	0.52	0.52	0.82	0.86	0.82	0.89	0.93	0.73	0.71	0.70	0.65	0.89	0.90	0.88	0.91	0.62	0.78	0.69	0.53	0.52	0.51	0.70	0.61	0.59	0.80	0.83	0.69	0.70	0.74	0.66	0.68	0.68	0.61	0.68	0.47	0.65	0.62	0.61	0.53	0.95	0.94	0.96	0.44	0.46	0.66	0.68	0.66	0.65	0.74	0.71	0.76	0.69	0.66	0.59	0.55	0.58	0.61	0.63	0.75	0.48	0.47	0.53	0.57	0.47	0.71	0.82	0.76	0.86	0.86	0.87	0.85	0.90	0.82	0.73	0.81	0.66	0.66	0.77	0.58	0.76	0.63	0.85	0.91	0.82	0.68	0.83	0.79	0.58	0.55	0.60	0.60	0.64	0.47	0.60	0.45	0.67	0.73	0.58	0.56	0.88	0.73	0.83	0.52	0.50	0.59	0.48	0.72	0.67	0.72	0.92	0.55	0.51	0.53	0.46	0.62	0.93	0.85	0.92	0.90	0.91	0.91	0.91	0.65	0.68	0.71	0.76	0.58	0.52	0.43	0.38	0.44	0.34	0.42	0.49	0.44	0.56	0.45	0.39	0.40	0.50	0.49	0.45	0.49	0.50	0.37	0.51	0.44	0.48	0.53	0.42	0.46	0.73	0.73	0.76	0.78	0.57	0.78	0.76	0.72	0.78	0.68	0.84	0.84	0.90	0.85	0.90	0.77	0.85	0.88	0.77	0.68	0.83	0.87	0.62	0.64	0.79	0.79	0.70	0.55	0.79	0.64	0.66	0.70	0.75	0.77	0.69	0.86	0.82	0.84	0.77	0.84	0.86	0.69	0.78	0.81	0.79
chr1	68514311	68517545	919017	919109	0.48	0.49	0.53	0.56	0.45	0.51	0.49	0.45	0.53	0.49	0.45	0.56	0.50	0.49	0.50	0.48	0.54	0.54	0.57	0.53	0.51	0.51	0.48	0.54	0.42	0.44	0.44	0.48	0.50	0.51	0.51	0.50	0.48	0.53	0.53	0.53	0.56	0.50	0.51	0.57	0.54	0.53	0.53	0.54	0.55	0.47	0.56	0.53	0.58	0.57	0.54	0.62	0.59	0.54	0.56	0.47	0.49	0.45	0.53	0.54	0.55	0.49	0.55	0.48	0.47	0.45	0.49	0.41	0.43	0.23	0.39	0.47	0.44	0.47	0.52	0.49	0.50	0.45	0.41	0.45	0.47	0.46	0.46	0.49	0.54	0.59	0.50	0.53	0.46	0.51	0.50	0.53	0.49	0.49	0.47	0.53	0.49	0.45	0.34	0.34	0.37	0.53	0.52	0.51	0.52	0.46	0.55	0.55	0.54	0.51	0.53	0.54	0.58	0.53	0.54	0.52	0.49	0.52	0.55	0.54	0.52	0.45	0.50	0.55	0.50	0.52	0.44	0.49	0.47	0.48	0.47	0.49	0.50	0.52	0.47	0.49	0.49	0.47	0.46	0.48	0.49	0.53	0.52	0.58	0.45	0.50	0.48	0.42	0.44	0.51	0.46	0.49	0.50	0.49	0.51	0.48	0.51	0.49	0.35	0.52	0.49	0.39	0.46	0.48	0.55	0.50	0.56	0.56	0.47	0.55	0.52	0.45	0.55	0.50	0.52	0.52	0.50	0.48	0.56	0.49	0.48	0.53	0.49	0.46	0.49	0.48	0.49	0.46	0.48	0.45	0.47	0.43	0.42	0.42	0.55	0.57	0.48	0.62	0.56	0.59	0.58	0.54	0.38	0.49	0.47	0.52	0.53	0.51	0.51	0.54	0.58	0.53	0.55	0.60	0.54	0.54	0.47	0.57	0.63	0.48	0.52	0.48	0.51	0.55	0.51	0.69	0.49	0.52	0.54	0.54	0.51	0.54	0.56	0.50	0.59	0.51	0.53	0.56	0.54	0.56	0.51	0.54	0.46	0.49	0.51	0.51	0.54	0.55	0.53	0.59	0.52	0.53
chr2	207066967	207069445	4057149	4057235	0.91	0.91	0.90	0.87	0.89	0.87	0.92	0.90	0.93	0.95	0.92	0.95	0.94	0.95	0.87	0.84	0.89	0.88	0.89	0.90	0.88	0.91	0.87	0.85	0.89	0.91	0.88	0.91	0.88	0.89	0.90	0.86	0.88	0.88	0.87	0.87	0.95	0.94	0.97	0.94	0.96	0.95	0.84	0.93	0.94	0.94	0.93	0.94	0.95	0.97	0.97	0.96	0.96	0.97	0.96	0.92	0.92	0.86	0.83	0.84	0.84	0.85	0.85	0.88	0.89	0.89	0.91	0.81	0.81	0.83	0.82	0.89	0.89	0.92	0.89	0.84	0.89	0.88	0.87	0.87	0.87	0.89	0.89	0.87	0.90	0.89	0.89	0.89	0.85	0.89	0.91	0.89	0.86	0.90	0.84	0.82	0.85	0.83	0.68	0.64	0.70	0.89	0.89	0.89	0.87	0.88	0.84	0.85	0.89	0.87	0.87	0.88	0.86	0.84	0.85	0.87	0.84	0.83	0.84	0.85	0.92	0.94	0.95	0.90	0.83	0.90	0.89	0.87	0.91	0.87	0.90	0.88	0.91	0.90	0.90	0.89	0.92	0.91	0.87	0.92	0.89	0.88	0.90	0.88	0.83	0.88	0.80	0.85	0.82	0.84	0.83	0.88	0.86	0.86	0.85	0.81	0.85	0.85	0.72	0.87	0.88	0.89	0.90	0.92	0.91	0.94	0.90	0.89	0.88	0.89	0.88	0.89	0.90	0.87	0.91	0.92	0.92	0.91	0.87	0.84	0.88	0.88	0.88	0.87	0.85	0.91	0.85	0.85	0.91	0.88	0.89	0.91	0.86	0.85	0.93	0.90	0.93	0.93	0.91	0.94	0.93	0.90	0.89	0.88	0.87	0.89	0.88	0.87	0.89	0.89	0.89	0.88	0.91	0.87	0.89	0.89	0.89	0.90	0.89	0.90	0.88	0.90	0.89	0.88	0.89	0.89	0.90	0.90	0.87	0.88	0.90	0.91	0.88	0.89	0.91	0.90	0.89	0.91	0.89	0.88	0.90	0.91	0.90	0.90	0.90	0.90	0.89	0.91	0.89	0.90	0.91	0.87
chr2	207113360	207134327	4057727	4058140	0.48	0.51	0.51	0.48	0.48	0.47	0.47	0.48	0.51	0.51	0.49	0.52	0.50	0.54	0.47	0.47	0.47	0.48	0.47	0.49	0.49	0.68	0.47	0.50	0.37	0.46	0.44	0.44	0.49	0.52	0.50	0.41	0.43	0.42	0.46	0.46	0.50	0.50	0.49	0.51	0.51	0.51	0.42	0.51	0.53	0.51	0.52	0.54	0.55	0.53	0.54	0.56	0.54	0.51	0.55	0.50	0.50	0.46	0.47	0.47	0.47	0.48	0.52	0.52	0.49	0.49	0.50	0.45	0.46	0.45	0.43	0.51	0.52	0.49	0.53	0.52	0.53	0.50	0.52	0.52	0.51	0.50	0.52	0.52	0.54	0.55	0.50	0.51	0.54	0.56	0.51	0.50	0.50	0.52	0.53	0.54	0.53	0.54	0.37	0.36	0.39	0.55	0.53	0.54	0.56	0.53	0.54	0.53	0.52	0.54	0.53	0.52	0.54	0.52	0.53	0.52	0.50	0.50	0.54	0.49	0.55	0.56	0.55	0.53	0.51	0.53	0.53	0.54	0.51	0.53	0.53	0.48	0.55	0.55	0.54	0.54	0.55	0.54	0.52	0.52	0.52	0.55	0.54	0.53	0.53	0.54	0.49	0.48	0.49	0.45	0.47	0.54	0.51	0.51	0.50	0.54	0.58	0.60	0.48	0.52	0.52	0.51	0.57	0.51	0.57	0.62	0.51	0.50	0.52	0.49	0.57	0.62	0.59	0.56	0.59	0.62	0.61	0.59	0.54	0.54	0.53	0.57	0.49	0.50	0.45	0.50	0.51	0.46	0.51	0.49	0.46	0.49	0.47	0.49	0.52	0.58	0.60	0.60	0.55	0.60	0.59	0.55	0.62	0.56	0.52	0.56	0.63	0.53	0.53	0.56	0.55	0.53	0.55	0.57	0.56	0.52	0.51	0.55	0.57	0.53	0.53	0.53	0.53	0.52	0.55	0.57	0.52	0.54	0.53	0.52	0.55	0.56	0.60	0.53	0.56	0.55	0.55	0.57	0.55	0.59	0.54	0.56	0.56	0.54	0.57	0.54	0.55	0.57	0.55	0.57	0.53	0.53
chr2	207134485	207136221	4058145	4058174	0.55	0.60	0.66	0.54	0.58	0.60	0.54	0.50	0.54	0.62	0.47	0.53	0.53	0.66	0.53	0.65	0.57	0.58	0.53	0.60	0.58	0.70	0.56	0.55	0.42	0.47	0.49	0.53	0.50	0.62	0.56	0.44	0.63	0.57	0.48	0.55	0.50	0.60	0.63	0.56	0.51	0.60	0.49	0.58	0.54	0.64	0.55	0.57	0.62	0.58	0.66	0.67	0.67	0.61	0.58	0.57	0.55	0.48	0.54	0.59	0.48	0.53	0.71	0.72	0.62	0.57	0.60	0.55	0.59	0.59	0.52	0.61	0.51	0.52	0.63	0.54	0.56	0.60	0.52	0.53	0.54	0.54	0.55	0.65	0.63	0.67	0.60	0.61	0.70	0.66	0.58	0.58	0.67	0.59	0.67	0.68	0.55	0.59	0.43	0.45	0.50	0.62	0.62	0.58	0.68	0.61	0.60	0.58	0.63	0.62	0.57	0.66	0.60	0.55	0.63	0.61	0.53	0.56	0.57	0.58	0.59	0.64	0.59	0.58	0.65	0.66	0.61	0.73	0.66	0.63	0.67	0.55	0.67	0.65	0.69	0.60	0.54	0.65	0.74	0.67	0.62	0.74	0.67	0.59	0.60	0.52	0.48	0.57	0.53	0.55	0.63	0.62	0.52	0.56	0.62	0.56	0.61	0.59	0.44	0.64	0.48	0.60	0.65	0.46	0.62	0.79	0.56	0.50	0.51	0.52	0.68	0.69	0.67	0.65	0.67	0.72	0.71	0.64	0.55	0.53	0.63	0.57	0.63	0.60	0.56	0.58	0.58	0.52	0.58	0.61	0.58	0.59	0.70	0.57	0.58	0.68	0.68	0.67	0.71	0.66	0.62	0.58	0.64	0.57	0.58	0.69	0.64	0.62	0.65	0.74	0.65	0.60	0.73	0.56	0.64	0.60	0.61	0.59	0.65	0.62	0.58	0.62	0.60	0.76	0.59	0.61	0.60	0.62	0.63	0.63	0.58	0.70	0.73	0.64	0.64	0.72	0.57	0.63	0.65	0.66	0.59	0.64	0.63	0.63	0.61	0.60	0.78	0.61	0.61	0.64	0.63	0.63
chr2	207136407	207136457	4058174	4058179	0.55	0.79	0.69	0.59	0.71	0.64	0.57	0.60	0.58	0.73	0.63	0.49	0.71	0.72	0.78	0.89	0.70	0.63	0.48	0.82	0.57	0.91	0.65	0.64	0.64	0.56	0.63	0.54	0.34	0.75	0.66	0.58	0.50	0.66	0.59	0.53	0.51	0.69	0.62	0.90	0.65	0.64	0.57	0.63	0.55	0.67	0.64	0.78	0.56	0.54	0.77	0.68	0.64	0.54	0.73	0.69	0.60	0.52	0.69	0.66	0.73	0.65	0.76	0.77	0.63	0.69	0.68	0.66	0.72	0.66	0.76	0.74	0.57	0.70	0.62	0.65	0.62	0.60	0.67	0.49	0.58	0.46	0.67	0.70	0.79	0.78	0.72	0.68	0.70	0.80	0.66	0.64	0.71	0.66	0.82	0.76	0.55	0.69	0.39	0.66	0.70	0.85	0.63	0.72	0.72	0.68	0.75	0.81	0.61	0.69	0.56	0.72	0.81	0.71	0.57	0.74	0.72	0.73	0.76	0.76	0.66	0.69	0.54	0.68	0.76	0.75	0.63	0.80	0.75	0.78	0.76	0.62	0.90	0.73	0.84	0.67	0.87	0.63	0.73	0.65	0.69	0.91	0.72	0.58	0.72	0.77	0.69	0.54	0.73	0.68	0.60	0.60	0.61	0.57	0.76	0.56	0.70	0.74	0.44	0.83	0.62	0.53	0.55	0.40	0.76	0.82	0.70	0.73	0.67	0.70	0.77	0.80	0.80	0.79	0.64	0.75	0.78	0.73	0.67	0.52	0.62	0.68	0.64	0.78	0.58	0.71	0.64	0.60	0.62	0.80	0.50	0.75	0.86	0.67	0.67	0.87	0.83	0.87	0.72	0.75	0.73	0.85	0.84	0.67	0.56	0.77	0.79	0.78	0.81	0.74	0.68	0.68	0.86	0.89	0.75	0.71	0.56	0.74	0.69	0.71	0.68	0.66	0.70	0.95	0.63	0.66	0.63	0.73	0.71	0.69	0.70	0.83	0.80	0.72	0.65	0.82	0.83	0.65	0.71	0.65	0.73	0.71	0.69	0.65	0.74	0.72	0.96	0.58	0.60	0.71	0.69	0.71
chr4	89615862	89619283	6813383	6813457	0.52	0.49	0.59	0.63	0.64	0.56	0.49	0.58	0.58	0.52	0.57	0.58	0.52	0.53	0.57	0.59	0.51	0.57	0.50	0.54	0.59	0.52	0.52	0.55	0.50	0.51	0.56	0.55	0.51	0.63	0.60	0.48	0.56	0.56	0.52	0.49	0.52	0.51	0.44	0.58	0.48	0.53	0.49	0.49	0.53	0.47	0.45	0.52	0.43	0.44	0.34	0.44	0.39	0.38	0.41	0.57	0.46	0.59	0.56	0.61	0.57	0.63	0.61	0.61	0.53	0.56	0.52	0.54	0.58	0.49	0.52	0.51	0.50	0.54	0.46	0.49	0.47	0.43	0.48	0.48	0.55	0.56	0.58	0.49	0.60	0.55	0.50	0.49	0.62	0.56	0.57	0.55	0.60	0.58	0.52	0.55	0.58	0.61	0.50	0.50	0.47	0.63	0.57	0.65	0.64	0.59	0.61	0.51	0.66	0.58	0.62	0.55	0.55	0.62	0.60	0.55	0.58	0.59	0.64	0.63	0.63	0.58	0.61	0.60	0.59	0.64	0.58	0.64	0.67	0.60	0.62	0.62	0.65	0.60	0.57	0.61	0.53	0.63	0.59	0.63	0.62	0.62	0.62	0.56	0.57	0.52	0.51	0.51	0.51	0.50	0.46	0.57	0.54	0.55	0.52	0.57	0.57	0.56	0.52	0.51	0.47	0.51	0.56	0.51	0.56	0.57	0.51	0.53	0.55	0.55	0.46	0.50	0.57	0.59	0.52	0.59	0.55	0.58	0.59	0.59	0.54	0.53	0.62	0.62	0.55	0.59	0.63	0.56	0.57	0.61	0.58	0.59	0.64	0.60	0.59	0.56	0.61	0.58	0.51	0.57	0.61	0.57	0.67	0.59	0.57	0.63	0.65	0.67	0.69	0.71	0.71	0.66	0.69	0.78	0.72	0.66	0.67	0.73	0.75	0.69	0.73	0.71	0.65	0.63	0.69	0.80	0.66	0.65	0.75	0.65	0.66	0.68	0.74	0.64	0.69	0.62	0.67	0.67	0.65	0.71	0.67	0.65	0.65	0.62	0.69	0.63	0.62	0.74	0.70	0.74	0.62	0.65
chr5	135414923	135416539	8582312	8582386	0.54	0.57	0.26	0.45	0.65	0.46	0.45	0.48	0.63	0.18	0.22	0.58	0.61	0.27	0.44	0.18	0.19	0.20	0.36	0.43	0.72	0.73	0.56	0.46	0.59	0.56	0.57	0.35	0.36	0.61	0.32	0.19	0.66	0.61	0.53	0.51	0.04	0.44	0.52	0.42	0.41	0.06	0.19	0.52	0.43	0.09	0.11	0.67	0.54	0.43	0.12	0.10	0.08	0.09	0.07	0.76	0.76	0.64	0.62	0.75	0.73	0.26	0.71	0.37	0.42	0.48	0.40	0.53	0.58	0.40	0.53	0.36	0.58	0.59	0.25	0.51	0.52	0.23	0.51	0.48	0.07	0.10	0.06	0.12	0.08	0.17	0.11	0.07	0.62	0.49	0.61	0.48	0.06	0.42	0.43	0.49	0.51	0.15	0.36	0.03	0.04	0.08	0.45	0.09	0.50	0.47	0.10	0.41	0.47	0.47	0.43	0.34	0.51	0.43	0.43	0.53	0.42	0.42	0.51	0.45	0.41	0.46	0.35	0.07	0.39	0.35	0.06	0.42	0.48	0.43	0.43	0.10	0.40	0.07	0.46	0.06	0.45	0.06	0.37	0.41	0.05	0.41	0.45	0.43	0.39	0.53	0.64	0.45	0.32	0.59	0.67	0.59	0.63	0.61	0.57	0.36	0.54	0.48	0.54	0.23	0.54	0.52	0.63	0.66	0.42	0.90	0.52	0.47	0.19	0.51	0.51	0.63	0.69	0.68	0.62	0.72	0.71	0.42	0.63	0.72	0.45	0.30	0.41	0.39	0.13	0.42	0.46	0.10	0.43	0.40	0.10	0.45	0.12	0.43	0.53	0.55	0.54	0.56	0.50	0.60	0.55	0.60	0.53	0.52	0.51	0.49	0.48	0.53	0.43	0.60	0.53	0.09	0.43	0.59	0.52	0.52	0.50	0.48	0.53	0.47	0.40	0.50	0.59	0.51	0.08	0.52	0.50	0.52	0.27	0.46	0.44	0.42	0.59	0.45	0.07	0.42	0.48	0.49	0.47	0.59	0.41	0.45	0.44	0.37	0.50	0.51	0.49	0.09	0.46	0.53	0.43	0.22
chr6	3848634	3850272	9106245	9106338	0.48	0.54	0.51	0.60	0.51	0.52	0.48	0.55	0.49	0.51	0.51	0.54	0.49	0.54	0.52	0.62	0.55	0.59	0.47	0.56	0.59	0.52	0.54	0.49	0.46	0.52	0.52	0.49	0.49	0.50	0.53	0.49	0.57	0.48	0.53	0.54	0.47	0.48	0.36	0.54	0.42	0.44	0.44	0.51	0.55	0.50	0.55	0.56	0.54	0.52	0.46	0.58	0.51	0.51	0.47	0.44	0.44	0.51	0.48	0.44	0.49	0.50	0.47	0.52	0.53	0.45	0.44	0.53	0.51	0.37	0.49	0.50	0.46	0.48	0.50	0.54	0.49	0.50	0.48	0.52	0.45	0.47	0.46	0.44	0.44	0.53	0.44	0.48	0.55	0.48	0.50	0.53	0.51	0.56	0.46	0.58	0.52	0.53	0.46	0.43	0.47	0.61	0.59	0.60	0.61	0.58	0.70	0.63	0.62	0.60	0.58	0.57	0.60	0.61	0.61	0.55	0.52	0.54	0.60	0.53	0.56	0.58	0.59	0.50	0.56	0.58	0.54	0.46	0.60	0.59	0.55	0.55	0.57	0.60	0.53	0.55	0.12	0.51	0.51	0.48	0.50	0.58	0.56	0.54	0.46	0.42	0.47	0.50	0.44	0.50	0.45	0.50	0.43	0.55	0.39	0.40	0.42	0.48	0.37	0.44	0.44	0.42	0.51	0.60	0.51	0.52	0.60	0.57	0.55	0.60	0.63	0.51	0.48	0.71	0.44	0.46	0.59	0.41	0.49	0.44	0.48	0.52	0.45	0.47	0.48	0.58	0.49	0.52	0.50	0.54	0.46	0.54	0.63	0.47	0.61	0.72	0.73	0.67	0.60	0.56	0.61	0.73	0.63	0.76	0.69	0.82	0.62	0.65	0.71	0.72	0.72	0.70	0.66	0.73	0.61	0.70	0.74	0.72	0.66	0.66	0.68	0.68	0.62	0.68	0.72	0.82	0.66	0.64	0.68	0.64	0.60	0.56	0.54	0.55	0.67	0.57	0.64	0.60	0.56	0.71	0.59	0.62	0.55	0.55	0.68	0.52	0.62	0.68	0.66	0.65	0.56	0.57
chr6	3850352	3850542	9106343	9106367	0.56	0.55	0.63	0.52	0.60	0.53	0.49	0.49	0.47	0.57	0.55	0.58	0.43	0.63	0.64	0.70	0.64	0.70	0.58	0.47	0.73	0.55	0.50	0.61	0.43	0.64	0.51	0.60	0.65	0.64	0.61	0.55	0.51	0.46	0.59	0.55	0.54	0.47	0.38	0.52	0.48	0.49	0.42	0.53	0.63	0.52	0.56	0.69	0.60	0.45	0.47	0.50	0.63	0.56	0.56	0.53	0.39	0.67	0.59	0.82	0.58	0.80	0.70	0.64	0.55	0.40	0.50	0.50	0.58	0.43	0.54	0.63	0.55	0.69	0.60	0.56	0.71	0.64	0.63	0.54	0.57	0.52	0.50	0.56	0.56	0.43	0.59	0.51	0.47	0.59	0.63	0.48	0.59	0.56	0.45	0.72	0.66	0.74	0.71	0.77	0.86	0.95	0.90	0.92	0.87	0.93	0.97	0.95	0.94	0.92	0.88	0.90	0.97	0.93	0.93	0.91	0.91	0.92	0.94	0.91	0.89	0.92	0.93	0.83	0.86	0.86	0.82	0.78	0.83	0.92	0.85	0.71	0.86	0.86	0.82	0.84	0.67	0.84	0.78	0.80	0.91	0.90	0.92	0.80	0.83	0.56	0.42	0.63	0.44	0.46	0.30	0.54	0.37	0.48	0.58	0.46	0.40	0.31	0.51	0.48	0.49	0.39	0.63	0.77	0.88	0.72	0.85	0.94	0.82	0.93	0.83	0.64	0.71	0.77	0.60	0.60	0.66	0.30	0.51	0.62	0.48	0.52	0.41	0.43	0.50	0.55	0.49	0.46	0.45	0.60	0.42	0.59	0.45	0.60	0.83	0.80	0.80	0.79	0.70	0.65	0.84	0.88	0.68	0.94	0.92	0.91	0.69	0.86	0.87	0.93	0.90	0.84	0.87	0.97	0.88	0.89	0.87	0.87	0.92	0.91	0.84	0.91	0.87	0.92	0.81	0.95	0.85	0.85	0.88	0.87	0.86	0.90	0.90	0.77	0.86	0.90	0.96	0.84	0.91	0.87	0.86	0.92	0.90	0.90	0.90	0.88	0.96	0.90	0.93	0.92	0.91	0.91
chr6	144326270	144330023	10232976	10233136	0.47	0.59	0.49	0.57	0.52	0.56	0.52	0.52	0.48	0.55	0.52	0.55	0.50	0.64	0.52	0.58	0.54	0.57	0.56	0.50	0.53	0.49	0.48	0.55	0.45	0.50	0.45	0.48	0.53	0.59	0.51	0.41	0.49	0.47	0.41	0.47	0.53	0.57	0.56	0.59	0.52	0.49	0.46	0.63	0.59	0.58	0.57	0.60	0.63	0.57	0.55	0.61	0.50	0.50	0.48	0.58	0.51	0.50	0.48	0.51	0.56	0.54	0.56	0.51	0.45	0.43	0.38	0.36	0.35	0.25	0.39	0.42	0.42	0.48	0.38	0.43	0.39	0.40	0.41	0.45	0.49	0.53	0.50	0.48	0.46	0.48	0.51	0.51	0.62	0.57	0.54	0.50	0.52	0.49	0.51	0.52	0.51	0.48	0.44	0.40	0.45	0.63	0.62	0.66	0.69	0.58	0.69	0.64	0.64	0.59	0.59	0.64	0.57	0.72	0.68	0.56	0.62	0.63	0.67	0.61	0.64	0.67	0.66	0.51	0.54	0.68	0.45	0.63	0.63	0.56	0.54	0.60	0.54	0.55	0.58	0.60	0.59	0.63	0.50	0.60	0.63	0.60	0.56	0.72	0.59	0.54	0.53	0.45	0.47	0.56	0.46	0.50	0.54	0.52	0.39	0.46	0.46	0.49	0.55	0.51	0.42	0.48	0.45	0.53	0.55	0.45	0.47	0.52	0.49	0.53	0.62	0.43	0.53	0.53	0.57	0.49	0.56	0.57	0.48	0.46	0.46	0.48	0.53	0.39	0.43	0.46	0.44	0.42	0.43	0.45	0.46	0.52	0.45	0.39	0.44	0.48	0.44	0.50	0.41	0.48	0.46	0.53	0.45	0.48	0.44	0.43	0.43	0.63	0.62	0.62	0.61	0.64	0.65	0.70	0.58	0.64	0.62	0.71	0.66	0.68	0.65	0.63	0.64	0.63	0.67	0.67	0.63	0.62	0.66	0.57	0.59	0.66	0.60	0.58	0.68	0.58	0.67	0.69	0.66	0.71	0.66	0.65	0.66	0.60	0.69	0.58	0.63	0.71	0.68	0.70	0.62	0.65
chr6	160426642	160427489	10392259	10392326	0.51	0.57	0.58	0.52	0.65	0.58	0.48	0.50	0.61	0.57	0.61	0.59	0.63	0.64	0.59	0.66	0.54	0.66	0.57	0.52	0.62	0.53	0.63	0.64	0.65	0.57	0.57	0.59	0.53	0.49	0.70	0.55	0.56	0.43	0.61	0.57	0.48	0.48	0.28	0.48	0.44	0.55	0.55	0.48	0.45	0.54	0.55	0.98	0.48	0.55	0.56	0.54	0.42	0.58	0.64	0.55	0.54	0.59	0.65	0.66	0.77	0.68	0.95	0.42	0.60	0.73	0.57	0.76	0.63	0.60	0.53	0.51	0.54	0.56	0.59	0.52	0.47	0.54	0.60	0.50	0.51	0.56	0.47	0.53	0.53	0.52	0.44	0.46	0.53	0.58	0.46	0.47	0.42	0.62	0.46	0.72	0.57	0.65	0.46	0.59	0.44	0.98	0.76	0.98	0.78	0.80	0.98	0.68	0.71	0.69	0.72	0.82	0.78	0.85	0.75	0.80	0.75	0.81	0.81	0.66	0.62	0.86	0.67	0.97	0.62	0.64	0.99	0.59	0.53	0.65	0.62	0.53	0.58	0.58	0.55	0.54	0.66	0.97	0.56	0.48	0.97	0.61	0.54	0.75	0.69	0.59	0.60	0.51	0.77	0.52	0.57	0.58	0.49	0.53	0.51	0.52	0.52	0.54	0.61	0.58	0.47	0.55	0.49	0.51	0.63	0.67	0.70	0.75	0.48	0.61	0.79	0.59	0.55	0.69	0.46	0.67	0.57	0.69	0.55	0.67	0.62	0.66	0.35	0.58	0.56	0.71	0.65	0.67	0.63	0.66	0.54	0.67	0.50	0.52	0.81	0.99	0.97	0.98	0.97	0.95	0.97	0.96	0.98	0.98	0.84	0.96	0.98	0.58	0.49	0.57	0.52	0.59	0.63	0.97	0.54	0.62	0.54	0.57	0.72	0.62	0.52	0.54	0.95	0.69	0.62	0.72	0.54	0.63	0.61	0.57	0.71	0.62	0.65	0.53	0.70	0.53	0.97	0.62	0.65	0.62	0.63	0.59	0.78	0.58	0.69	0.98	0.66	0.70	0.62	0.57	0.63	0.54
chr6	160554363	160555791	10394278	10394350	0.89	0.90	0.91	0.86	0.90	0.91	0.89	0.89	0.91	0.86	0.89	0.88	0.91	0.88	0.80	0.87	0.90	0.86	0.87	0.89	0.91	0.89	0.87	0.86	0.87	0.87	0.83	0.85	0.91	0.91	0.88	0.87	0.91	0.85	0.81	0.86	0.89	0.89	0.89	0.90	0.90	0.90	0.90	0.95	0.92	0.94	0.94	0.93	0.96	0.95	0.95	0.96	0.95	0.94	0.96	0.80	0.81	0.96	0.86	0.83	0.82	0.88	0.87	0.95	0.95	0.94	0.92	0.92	0.93	0.93	0.91	0.89	0.93	0.92	0.91	0.94	0.91	0.90	0.93	0.93	0.93	0.94	0.95	0.94	0.96	0.92	0.93	0.95	0.94	0.93	0.94	0.88	0.91	0.91	0.92	0.96	0.94	0.92	0.71	0.66	0.74	0.91	0.92	0.89	0.83	0.92	0.90	0.90	0.92	0.90	0.87	0.91	0.90	0.88	0.89	0.86	0.86	0.88	0.89	0.85	0.88	0.92	0.89	0.91	0.86	0.91	0.87	0.86	0.93	0.90	0.91	0.89	0.90	0.91	0.87	0.91	0.91	0.91	0.84	0.92	0.88	0.84	0.93	0.86	0.90	0.91	0.89	0.90	0.90	0.90	0.87	0.92	0.92	0.92	0.88	0.92	0.93	0.93	0.92	0.90	0.92	0.89	0.94	0.93	0.93	0.94	0.92	0.91	0.95	0.94	0.93	0.93	0.96	0.95	0.95	0.95	0.96	0.96	0.94	0.91	0.93	0.94	0.95	0.92	0.94	0.94	0.90	0.94	0.93	0.93	0.94	0.94	0.93	0.93	0.93	0.95	0.96	0.94	0.95	0.94	0.94	0.95	0.94	0.95	0.95	0.94	0.95	0.86	0.84	0.90	0.85	0.86	0.88	0.88	0.83	0.84	0.88	0.88	0.90	0.89	0.87	0.87	0.89	0.91	0.87	0.84	0.89	0.88	0.86	0.87	0.86	0.86	0.89	0.87	0.86	0.89	0.89	0.86	0.84	0.87	0.89	0.91	0.89	0.90	0.88	0.89	0.91	0.90	0.86	0.90	0.88	0.88
chr6	160768133	160770608	10396125	10396335	0.19	0.23	0.22	0.21	0.18	0.21	0.16	0.14	0.27	0.18	0.21	0.19	0.18	0.18	0.22	0.20	0.24	0.21	0.20	0.19	0.19	0.27	0.25	0.29	0.33	0.22	0.24	0.23	0.21	0.30	0.26	0.32	0.17	0.23	0.34	0.29	0.19	0.23	0.18	0.25	0.17	0.19	0.23	0.26	0.25	0.21	0.26	0.27	0.27	0.26	0.27	0.26	0.27	0.24	0.26	0.27	0.25	0.16	0.16	0.18	0.15	0.17	0.22	0.21	0.21	0.18	0.19	0.23	0.21	0.23	0.23	0.19	0.21	0.26	0.20	0.22	0.22	0.19	0.21	0.19	0.24	0.22	0.21	0.21	0.23	0.24	0.24	0.24	0.28	0.26	0.27	0.28	0.25	0.26	0.29	0.25	0.23	0.25	0.11	0.10	0.19	0.21	0.23	0.19	0.23	0.19	0.28	0.27	0.23	0.21	0.25	0.21	0.29	0.28	0.29	0.22	0.23	0.23	0.31	0.26	0.23	0.18	0.23	0.14	0.21	0.23	0.16	0.19	0.21	0.25	0.21	0.21	0.18	0.18	0.23	0.16	0.15	0.16	0.15	0.17	0.24	0.27	0.22	0.34	0.30	0.22	0.24	0.21	0.24	0.26	0.14	0.23	0.27	0.18	0.19	0.25	0.17	0.26	0.22	0.23	0.22	0.22	0.25	0.28	0.29	0.36	0.16	0.21	0.20	0.20	0.26	0.30	0.36	0.32	0.40	0.30	0.38	0.33	0.19	0.15	0.16	0.20	0.16	0.18	0.16	0.17	0.21	0.18	0.17	0.18	0.17	0.20	0.20	0.21	0.14	0.18	0.15	0.18	0.20	0.13	0.20	0.16	0.17	0.16	0.13	0.15	0.18	0.21	0.21	0.22	0.23	0.22	0.27	0.36	0.27	0.20	0.21	0.29	0.30	0.24	0.21	0.22	0.22	0.26	0.27	0.43	0.24	0.24	0.25	0.22	0.22	0.28	0.17	0.21	0.27	0.23	0.27	0.29	0.24	0.25	0.26	0.24	0.24	0.22	0.28	0.21	0.30	0.35	0.31	0.28	0.27	0.24
chr6	170053778	170055460	10511538	10511599	0.41	0.42	0.40	0.49	0.45	0.30	0.39	0.31	0.48	0.49	0.44	0.49	0.48	0.95	0.46	0.41	0.44	0.48	0.42	0.39	0.50	0.93	0.44	0.68	0.41	0.91	0.40	0.48	0.38	0.50	0.47	0.40	0.14	0.43	0.36	0.41	0.38	0.37	0.33	0.77	0.33	0.60	0.42	0.39	0.42	0.40	0.44	0.85	0.43	0.49	0.42	0.49	0.43	0.45	0.45	0.47	0.51	0.70	0.76	0.55	0.66	0.52	0.86	0.38	0.41	0.38	0.92	0.93	0.35	0.19	0.39	0.46	0.47	0.51	0.44	0.43	0.49	0.46	0.43	0.48	0.19	0.31	0.29	0.42	0.45	0.96	0.45	0.48	0.48	0.52	0.48	0.50	0.45	0.91	0.49	0.89	0.42	0.42	0.40	0.36	0.43	0.49	0.38	0.49	0.57	0.44	0.59	0.51	0.48	0.58	0.87	0.54	0.54	0.88	0.54	0.55	0.82	0.53	0.62	0.88	0.89	0.44	0.91	0.53	0.51	0.46	0.54	0.46	0.44	0.50	0.55	0.43	0.47	0.94	0.46	0.96	0.55	0.52	0.45	0.48	0.51	0.57	0.49	0.40	0.55	0.43	0.38	0.41	0.32	0.39	0.38	0.35	0.45	0.44	0.46	0.31	0.35	0.45	0.40	0.87	0.85	0.30	0.50	0.39	0.45	0.54	0.62	0.75	0.48	0.48	0.67	0.40	0.45	0.94	0.35	0.46	0.93	0.33	0.35	0.49	0.41	0.50	0.35	0.40	0.39	0.44	0.35	0.42	0.40	0.36	0.36	0.43	0.34	0.42	0.40	0.44	0.48	0.40	0.47	0.41	0.45	0.48	0.46	0.36	0.34	0.47	0.50	0.60	0.52	0.58	0.64	0.65	0.60	0.66	0.43	0.60	0.62	0.53	0.69	0.58	0.93	0.56	0.58	0.61	0.60	0.94	0.57	0.63	0.61	0.58	0.56	0.53	0.65	0.46	0.63	0.51	0.58	0.42	0.55	0.69	0.44	0.52	0.50	0.93	0.51	0.52	0.52	0.54	0.91	0.58	0.52	0.54
chr6	170055523	170055839	10511599	10511609	0.60	0.68	0.62	0.80	0.65	0.63	0.69	0.63	0.67	0.75	0.60	0.72	0.66	0.88	0.73	0.70	0.47	0.67	0.62	0.51	0.66	0.95	0.70	0.76	0.59	0.96	0.67	0.71	0.46	0.52	0.57	0.62	0.27	0.61	0.53	0.60	0.49	0.49	0.36	0.78	0.60	0.66	0.47	0.29	0.23	0.23	0.21	0.69	0.60	0.53	0.46	0.57	0.57	0.61	0.54	0.40	0.43	0.91	0.81	0.82	0.81	0.77	0.96	0.55	0.62	0.62	0.92	0.91	0.48	0.39	0.58	0.65	0.67	0.62	0.61	0.66	0.70	0.61	0.68	0.62	0.45	0.37	0.36	0.47	0.60	0.85	0.53	0.54	0.77	0.82	0.83	0.77	0.71	0.91	0.59	0.90	0.53	0.61	0.67	0.56	0.59	0.75	0.71	0.66	0.81	0.77	0.67	0.80	0.78	0.83	0.91	0.75	0.85	0.90	0.83	0.80	0.87	0.77	0.87	0.89	0.87	0.83	0.91	0.72	0.79	0.80	0.65	0.82	0.85	0.82	0.83	0.83	0.85	0.92	0.81	0.93	0.87	0.73	0.84	0.79	0.63	0.90	0.77	0.77	0.74	0.56	0.60	0.50	0.43	0.57	0.50	0.56	0.61	0.63	0.60	0.55	0.53	0.58	0.57	0.89	0.88	0.65	0.72	0.69	0.64	0.58	0.75	0.88	0.78	0.76	0.71	0.59	0.56	0.98	0.58	0.60	0.96	0.45	0.59	0.72	0.67	0.79	0.64	0.64	0.67	0.64	0.63	0.66	0.64	0.63	0.67	0.67	0.61	0.67	0.69	0.58	0.56	0.66	0.73	0.58	0.59	0.60	0.58	0.59	0.61	0.61	0.51	0.78	0.81	0.80	0.80	0.80	0.78	0.83	0.78	0.76	0.80	0.78	0.78	0.80	0.89	0.76	0.79	0.81	0.76	0.88	0.78	0.82	0.79	0.78	0.78	0.80	0.82	0.80	0.84	0.79	0.83	0.80	0.82	0.80	0.81	0.79	0.81	0.90	0.79	0.80	0.83	0.82	0.88	0.81	0.83	0.85
chr7	50846352	50850863	11059316	11059496	0.59	0.60	0.57	0.68	0.54	0.61	0.52	0.58	0.67	0.58	0.61	0.52	0.61	0.51	0.47	0.51	0.62	0.58	0.53	0.61	0.46	0.60	0.59	0.60	0.59	0.66	0.65	0.67	0.67	0.56	0.53	0.67	0.66	0.67	0.61	0.69	0.64	0.65	0.65	0.57	0.64	0.64	0.63	0.59	0.55	0.52	0.55	0.55	0.59	0.54	0.49	0.52	0.49	0.56	0.51	0.58	0.51	0.62	0.55	0.57	0.54	0.54	0.61	0.46	0.54	0.53	0.44	0.38	0.41	0.28	0.34	0.55	0.57	0.64	0.50	0.54	0.48	0.57	0.57	0.54	0.61	0.62	0.58	0.58	0.50	0.61	0.55	0.56	0.62	0.64	0.62	0.55	0.60	0.57	0.58	0.55	0.57	0.56	0.50	0.52	0.48	0.56	0.57	0.62	0.58	0.51	0.62	0.49	0.58	0.54	0.54	0.48	0.60	0.66	0.62	0.48	0.65	0.51	0.65	0.59	0.52	0.59	0.61	0.59	0.57	0.73	0.65	0.68	0.63	0.61	0.63	0.64	0.67	0.66	0.67	0.64	0.72	0.60	0.58	0.52	0.64	0.63	0.64	0.63	0.65	0.61	0.59	0.55	0.54	0.55	0.52	0.52	0.58	0.54	0.53	0.58	0.45	0.48	0.54	0.53	0.52	0.55	0.55	0.63	0.58	0.53	0.61	0.57	0.62	0.63	0.60	0.51	0.55	0.46	0.53	0.61	0.61	0.51	0.61	0.60	0.60	0.58	0.39	0.60	0.51	0.57	0.57	0.59	0.57	0.59	0.60	0.65	0.60	0.62	0.53	0.53	0.57	0.61	0.59	0.50	0.56	0.57	0.56	0.55	0.48	0.55	0.55	0.71	0.66	0.68	0.71	0.70	0.68	0.82	0.69	0.71	0.67	0.72	0.68	0.74	0.71	0.68	0.67	0.65	0.70	0.80	0.71	0.71	0.70	0.70	0.61	0.68	0.63	0.68	0.74	0.60	0.71	0.70	0.62	0.68	0.65	0.65	0.67	0.67	0.70	0.62	0.61	0.72	0.71	0.69	0.66	0.62
chr7	94285584	94292086	11442936	11443062	0.45	0.50	0.46	0.48	0.51	0.42	0.46	0.45	0.48	0.48	0.48	0.50	0.51	0.49	0.48	0.50	0.50	0.52	0.52	0.47	0.47	0.50	0.46	0.40	0.40	0.43	0.48	0.46	0.48	0.46	0.47	0.48	0.42	0.44	0.46	0.45	0.41	0.46	0.49	0.49	0.48	0.43	0.42	0.47	0.46	0.48	0.46	0.45	0.48	0.46	0.42	0.46	0.41	0.43	0.46	0.45	0.46	0.44	0.49	0.44	0.48	0.48	0.48	0.44	0.44	0.40	0.43	0.44	0.43	0.30	0.44	0.44	0.44	0.42	0.46	0.46	0.50	0.47	0.48	0.43	0.40	0.42	0.42	0.40	0.46	0.45	0.42	0.44	0.44	0.44	0.47	0.48	0.46	0.46	0.48	0.40	0.46	0.45	0.37	0.40	0.37	0.52	0.56	0.53	0.56	0.50	0.50	0.47	0.46	0.48	0.47	0.47	0.53	0.50	0.53	0.51	0.49	0.47	0.49	0.50	0.47	0.55	0.48	0.42	0.50	0.44	0.51	0.48	0.52	0.48	0.51	0.45	0.43	0.51	0.45	0.47	0.50	0.55	0.49	0.48	0.46	0.51	0.46	0.47	0.47	0.50	0.42	0.39	0.48	0.47	0.46	0.50	0.51	0.49	0.48	0.45	0.46	0.56	0.48	0.45	0.45	0.43	0.38	0.45	0.47	0.48	0.53	0.50	0.49	0.49	0.82	0.41	0.51	0.47	0.48	0.48	0.44	0.44	0.43	0.45	0.47	0.47	0.42	0.44	0.43	0.46	0.47	0.42	0.43	0.42	0.41	0.47	0.45	0.40	0.45	0.49	0.45	0.49	0.47	0.45	0.45	0.49	0.44	0.44	0.45	0.50	0.48	0.54	0.58	0.57	0.65	0.59	0.55	0.72	0.66	0.51	0.53	0.62	0.67	0.55	0.58	0.55	0.51	0.55	0.59	0.71	0.53	0.53	0.57	0.52	0.52	0.52	0.52	0.50	0.55	0.50	0.52	0.60	0.54	0.61	0.50	0.52	0.54	0.47	0.53	0.48	0.55	0.58	0.54	0.60	0.50	0.50
chr7	130128542	130134952	11759016	11759259	0.47	0.50	0.48	0.52	0.50	0.45	0.46	0.42	0.46	0.51	0.41	0.51	0.51	0.52	0.54	0.53	0.41	0.53	0.48	0.49	0.56	0.51	0.53	0.56	0.41	0.44	0.42	0.46	0.53	0.50	0.46	0.49	0.50	0.46	0.43	0.52	0.50	0.51	NA	NA	0.50	0.53	0.47	0.55	0.49	0.55	0.48	0.53	0.48	0.46	0.46	0.47	0.44	0.48	0.46	0.57	0.55	0.57	0.59	0.57	0.58	0.57	0.55	0.54	0.52	0.49	0.48	0.45	0.54	0.34	0.48	0.43	0.49	0.46	0.47	0.43	0.44	0.49	0.46	0.49	0.37	0.46	0.39	0.43	0.55	0.49	0.41	0.53	0.58	0.54	0.58	0.55	0.57	0.62	0.56	0.68	0.65	0.66	0.40	0.38	0.38	0.58	0.58	0.57	0.60	0.56	0.64	0.57	0.58	0.61	0.62	0.57	0.62	0.61	0.58	0.59	0.66	0.59	0.65	0.61	0.60	0.62	0.62	0.50	0.50	0.56	0.42	0.50	0.55	0.58	0.52	0.51	0.53	0.51	0.49	0.50	0.52	0.51	0.45	0.48	0.55	0.55	0.56	0.54	0.53	0.58	0.54	0.54	0.60	0.60	0.59	0.57	0.58	0.59	0.60	0.56	0.55	0.61	0.55	0.55	0.54	0.52	0.43	0.51	0.55	0.48	0.53	0.51	0.52	0.50	0.73	0.50	0.55	0.54	0.49	0.44	0.48	0.52	0.55	0.53	0.56	0.57	0.53	0.55	0.51	0.50	0.55	0.56	0.56	0.52	0.56	0.58	0.50	0.60	0.75	0.86	0.88	0.93	NA	0.85	0.94	0.88	0.73	0.77	0.71	0.70	0.75	NA	0.76	1.00	0.93	0.05	NA	0.09	0.33	0.91	0.00	1.00	0.26	NA	0.05	0.00	0.11	0.20	0.69	0.04	0.00	0.00	0.47	0.22	NA	NA	NA	NA	NA	NA	NA	NA	NA	NA	NA	NA	NA	NA	NA	NA	NA	NA	NA	NA	NA	NA
chr7	154862548	154863264	12015105	12015161	0.42	0.46	0.39	0.42	0.33	0.38	0.37	0.35	0.39	0.36	0.41	0.51	0.40	0.48	0.51	0.43	0.46	0.43	0.39	0.43	0.47	0.41	0.39	0.56	0.32	0.37	0.46	0.37	0.42	0.39	0.50	0.40	0.62	0.37	0.39	0.39	0.53	0.39	0.43	0.30	0.41	0.36	0.40	0.50	0.41	0.42	0.34	0.33	0.25	0.08	0.13	0.34	0.14	0.08	0.10	0.09	0.03	0.40	0.43	0.41	0.44	0.54	0.43	0.40	0.39	0.43	0.35	0.39	0.41	0.32	0.27	0.44	0.40	0.49	0.44	0.45	0.37	0.39	0.37	0.47	0.38	0.41	0.39	0.30	0.35	0.44	0.39	0.41	0.39	0.36	0.49	0.43	0.48	0.56	0.54	0.51	0.54	0.58	0.35	0.33	0.38	0.59	0.49	0.52	0.56	0.45	0.72	0.59	0.53	0.53	0.52	0.66	0.52	0.61	0.69	0.53	0.65	0.65	0.56	0.61	0.50	0.55	0.46	0.50	0.46	0.48	0.47	0.39	0.48	0.55	0.50	0.47	0.50	0.56	0.48	0.56	0.44	0.48	0.38	0.45	0.56	0.53	0.55	0.68	0.61	0.46	0.52	0.48	0.57	0.47	0.49	0.57	0.67	0.47	0.43	0.58	0.75	0.68	0.55	0.52	0.48	0.27	0.44	0.54	0.52	0.55	0.64	0.56	0.44	0.58	0.78	0.41	0.46	0.47	0.38	0.39	0.49	0.37	0.52	0.43	0.42	0.51	0.38	0.45	0.41	0.50	0.59	0.44	0.41	0.50	0.39	0.53	0.48	0.47	0.64	0.80	0.81	0.79	0.80	0.78	0.80	0.69	0.84	0.83	0.67	0.82	0.87	0.48	0.58	0.58	0.61	0.45	0.59	0.66	0.48	0.52	0.49	0.52	0.61	0.42	0.52	0.47	0.56	0.56	0.52	0.64	0.52	0.51	0.58	0.44	0.50	0.56	0.59	0.52	0.52	0.61	0.61	0.50	0.56	0.58	0.52	0.47	0.45	0.54	0.54	0.56	0.59	0.56	0.57	0.61	0.55	0.55
chr8	37604992	37605612	12505006	12505035	0.37	0.45	0.45	0.40	0.38	0.36	0.32	0.43	0.39	0.43	0.33	0.47	0.41	0.45	0.40	0.42	0.47	0.47	0.40	0.41	0.38	0.36	0.41	0.38	0.27	0.40	0.47	0.32	0.35	0.39	0.41	0.45	0.49	0.46	0.41	0.43	0.37	0.37	0.55	0.37	0.30	0.43	0.36	0.53	0.37	0.43	0.32	0.41	0.45	0.45	0.45	0.37	0.42	0.32	0.41	0.34	0.30	0.45	0.47	0.41	0.39	0.50	0.43	0.34	0.48	0.40	0.54	0.40	0.29	0.17	0.37	0.36	0.42	0.44	0.39	0.45	0.43	0.41	0.42	0.44	0.36	0.37	0.29	0.32	0.41	0.39	0.28	0.34	0.38	0.45	0.47	0.38	0.33	0.51	0.41	0.37	0.36	0.38	0.32	0.41	0.43	0.56	0.57	0.51	0.48	0.48	0.59	0.58	0.47	0.35	0.47	0.40	0.34	0.46	0.56	0.42	0.45	0.46	0.54	0.39	0.46	0.48	0.42	0.48	0.46	0.56	0.50	0.50	0.45	0.28	0.25	0.36	0.37	0.43	0.49	0.38	0.36	0.44	0.47	0.47	0.43	0.63	0.51	0.43	0.42	0.41	0.61	0.28	0.33	0.43	0.44	0.37	0.35	0.37	0.66	0.64	0.63	0.73	0.02	0.32	0.38	0.40	0.61	0.56	0.50	0.91	0.39	0.37	0.41	0.75	0.19	0.34	0.56	0.36	0.33	0.43	0.21	0.37	0.47	0.34	0.34	0.44	0.40	0.31	0.37	0.41	0.43	0.42	0.29	0.40	0.41	0.27	0.28	0.34	0.30	0.41	0.41	0.43	0.29	0.32	0.28	0.34	0.42	0.47	0.39	0.36	0.40	0.48	0.50	0.50	0.64	0.47	0.48	0.37	0.39	0.50	0.44	0.35	0.57	0.46	0.54	0.36	0.50	0.50	0.58	0.46	0.48	0.52	0.44	0.39	0.49	0.46	0.53	0.50	0.46	0.49	0.34	0.38	0.47	0.51	0.31	0.44	0.48	0.49	0.39	0.48	0.46	0.54	0.35	0.52	0.51	0.45
chr8	37605717	37606088	12505035	12505043	0.50	0.53	0.57	0.65	0.57	0.50	0.47	0.56	0.60	0.57	0.46	0.57	0.56	0.49	0.62	0.57	0.58	0.47	0.60	0.55	0.33	0.55	0.51	0.51	0.37	0.58	0.64	0.46	0.51	0.62	0.46	0.50	0.58	0.47	0.47	0.57	0.40	0.38	0.49	0.70	0.43	0.40	0.48	0.59	0.58	0.58	0.55	0.48	0.58	0.50	0.56	0.49	0.53	0.52	0.50	0.45	0.46	0.50	0.45	0.51	0.56	0.63	0.53	0.49	0.52	0.51	0.54	0.51	0.45	0.27	0.45	0.40	0.45	0.49	0.50	0.48	0.54	0.47	0.42	0.45	0.53	0.50	0.43	0.45	0.40	0.53	0.50	0.47	0.43	0.61	0.56	0.50	0.53	0.55	0.56	0.49	0.49	0.44	0.38	0.44	0.43	0.60	0.57	0.62	0.71	0.51	0.62	0.69	0.54	0.50	0.51	0.56	0.51	0.62	0.54	0.48	0.54	0.58	0.54	0.51	0.50	0.48	0.52	0.62	0.60	0.49	0.54	0.54	0.61	0.38	0.38	0.57	0.41	0.55	0.53	0.52	0.59	0.47	0.54	0.48	0.59	0.61	0.58	0.59	0.62	0.47	0.54	0.32	0.36	0.49	0.42	0.36	0.50	0.45	0.59	0.59	0.62	0.75	0.18	0.48	0.31	0.40	0.51	0.41	0.31	0.60	0.43	0.44	0.44	0.65	0.23	0.37	0.48	0.30	0.42	0.37	0.33	0.41	0.44	0.41	0.43	0.48	0.49	0.47	0.45	0.46	0.55	0.41	0.43	0.49	0.40	0.38	0.46	0.45	0.32	0.47	0.38	0.30	0.36	0.22	0.28	0.34	0.48	0.38	0.49	0.49	0.54	0.56	0.53	0.52	0.55	0.56	0.56	0.45	0.52	0.47	0.49	0.52	0.44	0.57	0.61	0.42	0.61	0.51	0.59	0.49	0.54	0.60	0.57	0.57	0.53	0.49	0.46	0.51	0.50	0.47	0.44	0.47	0.50	0.53	0.42	0.45	0.44	0.59	0.46	0.53	0.42	0.58	0.48	0.48	0.55	0.54
chr8	141101982	141111081	13288628	13288953	0.67	0.66	0.66	0.68	0.67	0.66	0.64	0.67	0.68	0.66	0.65	0.67	0.68	0.68	0.67	0.69	0.68	0.69	0.64	0.66	0.66	0.67	0.64	0.64	0.57	0.64	0.64	0.63	0.62	0.67	0.66	0.61	0.65	0.62	0.66	0.60	0.64	0.64	0.64	0.61	0.64	0.61	0.65	0.67	0.67	0.67	0.64	0.61	0.52	0.48	0.43	0.51	0.44	0.43	0.44	0.49	0.48	0.67	0.73	0.73	0.77	0.71	0.74	0.72	0.69	0.65	0.70	0.72	0.77	0.70	0.77	0.69	0.67	0.66	0.65	0.63	0.63	0.61	0.66	0.65	0.64	0.67	0.64	0.66	0.65	0.70	0.66	0.66	0.68	0.68	0.71	0.66	0.62	0.65	0.71	0.68	0.68	0.68	0.56	0.52	0.53	0.67	0.71	0.72	0.72	0.64	0.71	0.67	0.68	0.69	0.68	0.70	0.69	0.70	0.69	0.67	0.69	0.72	0.70	0.69	0.68	0.74	0.70	0.68	0.63	0.69	0.66	0.70	0.71	0.66	0.68	0.70	0.68	0.68	0.70	0.68	0.70	0.67	0.66	0.64	0.68	0.70	0.68	0.71	0.73	0.65	0.63	0.63	0.68	0.64	0.63	0.65	0.67	0.66	0.63	0.66	0.66	0.63	0.64	0.62	0.62	0.61	0.62	0.64	0.65	0.64	0.60	0.62	0.70	0.67	0.73	0.60	0.67	0.66	0.63	0.65	0.66	0.66	0.71	0.67	0.69	0.70	0.67	0.70	0.70	0.70	0.68	0.66	0.67	0.66	0.67	0.73	0.69	0.69	0.66	0.65	0.67	0.67	0.67	0.67	0.69	0.71	0.71	0.61	0.63	0.65	0.73	0.72	0.76	0.77	0.80	0.80	0.73	0.85	0.80	0.73	0.71	0.83	0.84	0.79	0.81	0.79	0.71	0.75	0.80	0.85	0.73	0.73	0.79	0.72	0.71	0.76	0.76	0.68	0.77	0.67	0.74	0.78	0.71	0.78	0.73	0.74	0.75	0.68	0.79	0.68	0.73	0.84	0.79	0.81	0.72	0.71
chr9	98074747	98075741	14077441	14077478	0.54	0.56	0.49	0.53	0.38	0.43	0.46	0.38	0.47	0.49	0.45	0.45	0.53	0.47	0.42	0.47	0.50	0.54	0.55	0.59	0.48	0.51	0.30	0.46	0.40	0.48	0.45	0.47	0.35	0.42	0.53	0.43	0.51	0.47	0.45	0.36	0.46	0.32	0.44	0.52	0.38	0.51	0.38	0.53	0.51	0.56	0.45	0.46	0.40	0.46	0.37	0.53	0.45	0.41	0.44	0.42	0.43	0.50	0.44	0.53	0.49	0.38	0.39	0.42	0.51	0.41	0.52	0.40	0.39	0.32	0.43	0.45	0.41	0.13	0.52	0.47	0.22	0.47	0.47	0.15	0.39	0.37	0.38	0.44	0.53	0.42	0.45	0.48	0.47	0.45	0.40	0.43	0.47	0.49	0.67	0.39	0.55	0.40	0.32	0.33	0.37	0.73	0.56	0.58	0.65	0.50	0.79	0.70	0.58	0.68	0.50	0.65	0.70	0.64	0.71	0.62	0.67	0.71	0.76	0.61	0.44	0.59	0.45	0.51	0.58	0.43	0.48	0.46	0.44	0.28	0.30	0.38	0.47	0.50	0.63	0.44	0.53	0.57	0.39	0.45	0.53	0.54	0.52	0.44	0.44	0.41	0.44	0.48	0.22	0.43	0.36	0.35	0.51	0.39	0.48	0.41	0.36	0.54	0.55	0.41	0.48	0.31	0.43	0.60	0.52	0.45	0.36	0.50	0.42	0.54	0.47	0.32	0.51	0.40	0.49	0.51	0.27	0.25	0.50	0.45	0.49	0.52	0.47	0.46	0.41	0.41	0.45	0.50	0.38	0.33	0.45	0.36	0.38	0.37	0.40	0.42	0.24	0.49	0.25	0.38	0.51	0.53	0.49	0.30	0.43	0.41	0.51	0.57	0.53	0.57	0.63	0.48	0.49	0.68	0.65	0.58	0.52	0.38	0.60	0.45	0.53	0.27	0.55	0.58	0.59	0.67	0.45	0.54	0.57	0.50	0.50	0.60	0.60	0.53	0.56	0.52	0.61	0.59	0.58	0.59	0.44	0.57	0.47	0.52	0.33	0.55	0.64	0.67	0.61	0.48	0.53	0.61
chr10	121577672	121578626	15779643	15779723	0.63	0.62	0.64	0.66	0.64	0.51	0.57	0.50	0.63	0.64	0.55	0.78	0.62	0.82	0.72	0.74	0.68	0.83	0.69	0.63	0.66	0.73	0.58	0.82	0.43	0.58	0.48	0.56	0.55	0.72	0.64	0.47	0.61	0.51	0.54	0.50	0.52	0.36	0.41	0.48	0.41	0.48	0.51	0.66	0.53	0.46	0.50	0.57	0.54	0.49	0.51	0.50	0.49	0.50	0.48	0.54	0.54	0.47	0.58	0.59	0.72	0.67	0.65	0.55	0.57	0.56	0.56	0.74	0.59	0.62	0.59	0.44	0.46	0.60	0.43	0.45	0.46	0.56	0.52	0.47	0.58	0.58	0.53	0.53	0.81	0.61	0.55	0.78	0.54	0.50	0.45	0.54	0.60	0.58	0.70	0.82	0.79	0.91	0.63	0.59	0.70	0.96	0.92	0.94	0.88	0.89	0.96	0.84	0.93	0.87	0.91	0.91	0.93	0.90	0.90	0.82	0.81	0.87	0.92	0.86	0.88	0.87	0.89	0.94	0.83	0.84	0.88	0.77	0.82	0.79	0.76	0.67	0.77	0.69	0.75	0.65	0.66	0.91	0.74	0.77	0.88	0.87	0.83	0.85	0.75	0.43	0.43	0.46	0.54	0.55	0.46	0.42	0.66	0.49	0.53	0.63	0.49	0.42	0.54	0.52	0.56	0.44	0.54	0.57	0.67	0.74	0.64	0.62	0.46	0.60	0.86	0.49	0.46	0.59	0.44	0.38	0.42	0.47	0.53	0.50	0.54	0.65	0.52	0.57	0.52	0.63	0.60	0.58	0.51	0.57	0.52	0.67	0.74	0.62	0.96	0.96	0.97	0.98	0.97	0.97	0.97	0.96	0.98	0.97	0.90	0.96	0.97	0.72	0.78	0.78	0.79	0.75	0.80	0.84	0.80	0.82	0.70	0.83	0.89	0.79	0.79	0.79	0.73	0.74	0.86	0.81	0.67	0.76	0.79	0.72	0.82	0.81	0.74	0.71	0.81	0.80	0.85	0.79	0.84	0.85	0.84	0.88	0.81	0.80	0.83	0.76	0.82	0.93	0.82	0.78	0.81	0.84
chr11	2018186	2020130	16040597	16040684	0.47	0.48	0.52	0.60	0.58	0.56	0.55	0.53	0.57	0.56	0.51	0.53	0.56	0.58	0.51	0.58	0.58	0.58	0.51	0.57	0.57	0.53	0.52	0.58	0.41	0.45	0.51	0.50	0.60	0.56	0.53	0.42	0.56	0.41	0.52	0.43	0.59	0.55	0.53	0.64	0.57	0.55	0.52	0.62	0.64	0.54	0.65	0.67	0.70	0.66	0.66	0.68	0.66	0.68	0.67	0.54	0.56	0.53	0.60	0.56	0.55	0.61	0.53	0.61	0.60	0.62	0.58	0.58	0.63	0.47	0.60	0.51	0.68	0.59	0.57	0.63	0.62	0.60	0.56	0.66	0.45	0.46	0.51	0.50	0.49	0.56	0.54	0.50	0.56	0.59	0.60	0.55	0.63	0.60	0.55	0.48	0.49	0.41	0.49	0.48	0.50	0.62	0.66	0.70	0.58	0.66	0.72	0.58	0.65	0.63	0.67	0.56	0.65	0.66	0.64	0.62	0.65	0.62	0.72	0.56	0.66	0.63	0.68	0.68	0.57	0.63	0.62	0.56	0.57	0.59	0.61	0.65	0.59	0.61	0.65	0.58	0.62	0.64	0.57	0.62	0.62	0.67	0.65	0.62	0.52	0.62	0.49	0.47	0.54	0.49	0.58	0.47	0.50	0.49	0.54	0.46	0.42	0.44	0.67	0.56	0.55	0.55	0.54	0.58	0.59	0.60	0.48	0.52	0.54	0.60	0.53	0.55	0.55	0.47	0.55	0.58	0.54	0.51	0.56	0.51	0.52	0.43	0.47	0.50	0.44	0.47	0.47	0.57	0.51	0.56	0.54	0.54	0.59	0.42	0.42	0.46	0.47	0.52	0.57	0.47	0.50	0.44	0.55	0.51	0.57	0.52	0.61	0.69	0.71	0.71	0.73	0.73	0.69	0.80	0.67	0.70	0.63	0.81	0.78	0.77	0.72	0.72	0.70	0.69	0.74	0.78	0.69	0.69	0.76	0.72	0.66	0.72	0.79	0.67	0.73	0.64	0.69	0.75	0.70	0.72	0.67	0.64	0.68	0.64	0.73	0.64	0.66	0.82	0.75	0.74	0.69	0.64
chr11	2020279	2024580	16040684	16040865	0.50	0.50	0.55	0.45	0.45	0.45	0.48	0.48	0.55	0.48	0.46	0.54	0.49	0.53	0.46	0.46	0.52	0.53	0.49	0.56	0.56	0.57	0.47	0.51	0.39	0.47	0.49	0.48	0.47	0.57	0.52	0.47	0.54	0.49	0.52	0.51	0.46	0.46	0.43	0.51	0.45	0.44	0.51	0.55	0.48	0.47	0.49	0.52	0.54	0.48	0.48	0.50	0.47	0.51	0.47	0.47	0.45	0.53	0.52	0.55	0.51	0.52	0.53	0.59	0.55	0.50	0.52	0.45	0.46	0.30	0.48	0.49	0.49	0.52	0.47	0.53	0.55	0.50	0.51	0.53	0.51	0.54	0.50	0.49	0.51	0.52	0.50	0.48	0.46	0.48	0.44	0.52	0.51	0.55	0.50	0.47	0.53	0.43	0.38	0.35	0.41	0.52	0.52	0.56	0.49	0.49	0.52	0.43	0.53	0.52	0.49	0.51	0.53	0.52	0.51	0.50	0.50	0.51	0.54	0.52	0.56	0.55	0.56	0.50	0.42	0.53	0.55	0.47	0.55	0.51	0.51	0.47	0.52	0.48	0.51	0.49	0.53	0.51	0.46	0.54	0.50	0.48	0.52	0.52	0.48	0.48	0.44	0.48	0.49	0.51	0.54	0.47	0.47	0.44	0.43	0.50	0.45	0.44	0.46	0.47	0.45	0.49	0.49	0.54	0.52	0.54	0.50	0.49	0.53	0.54	0.48	0.47	0.47	0.44	0.51	0.47	0.50	0.45	0.50	0.51	0.48	0.50	0.49	0.43	0.41	0.44	0.45	0.45	0.42	0.45	0.44	0.50	0.42	0.47	0.49	0.45	0.49	0.49	0.50	0.49	0.47	0.54	0.52	0.47	0.49	0.52	0.53	0.58	0.63	0.64	0.65	0.64	0.61	0.67	0.62	0.58	0.57	0.68	0.67	0.65	0.65	0.64	0.58	0.61	0.65	0.65	0.59	0.61	0.66	0.58	0.51	0.58	0.49	0.51	0.58	0.51	0.55	0.59	0.54	0.56	0.54	0.55	0.55	0.50	0.60	0.50	0.52	0.63	0.60	0.63	0.57	0.53
chr11	2154333	2154357	16043351	16043356	0.36	0.53	0.71	0.75	0.73	0.79	0.79	0.73	0.49	0.49	0.27	0.59	0.56	0.72	0.56	0.87	0.64	0.74	0.68	0.53	0.61	0.50	0.52	0.45	0.65	0.59	0.45	0.62	0.57	0.53	0.55	0.51	0.62	0.49	0.71	0.49	0.43	0.66	0.43	0.56	0.56	0.62	0.71	0.36	0.35	0.41	0.13	0.54	0.60	0.38	0.54	0.60	0.51	0.38	0.52	0.14	0.34	0.45	0.82	0.74	0.96	0.84	0.92	0.28	0.40	0.45	0.55	0.17	0.25	0.31	0.31	0.42	0.36	0.41	0.84	0.67	0.82	0.25	0.22	0.45	0.06	0.04	0.11	0.09	0.28	0.25	0.15	0.28	0.37	0.62	0.39	0.46	0.39	0.49	0.57	0.47	0.44	0.45	0.42	0.39	0.45	0.62	0.68	0.35	0.53	0.62	0.52	0.47	0.64	0.62	0.62	0.68	0.57	0.44	0.70	0.65	0.27	0.57	0.71	0.43	0.67	0.61	0.53	0.37	0.66	0.74	0.59	0.62	0.83	0.51	0.71	0.47	0.53	0.52	0.57	0.62	0.50	0.48	0.52	0.69	0.66	0.73	0.86	0.90	0.80	0.33	0.36	0.33	0.29	0.27	0.72	0.35	0.17	0.12	0.23	0.22	0.26	0.16	0.25	0.56	0.44	0.51	0.35	0.27	0.36	0.12	0.65	0.59	0.30	0.45	0.34	0.27	0.08	0.13	0.08	0.04	0.11	0.00	0.56	0.34	0.52	0.31	0.46	0.53	0.54	0.57	0.57	0.51	0.63	0.54	0.62	0.71	0.10	0.65	0.58	0.45	0.45	0.56	0.72	0.40	0.44	0.53	0.67	0.44	0.44	0.56	0.43	0.70	0.59	0.70	0.68	0.71	0.61	0.85	0.81	0.70	0.73	0.85	0.86	0.75	0.61	0.70	0.65	0.59	0.91	0.93	0.59	0.74	0.71	0.70	0.60	0.68	0.57	0.52	0.75	0.49	0.61	0.69	0.71	0.62	0.60	0.57	0.63	0.73	0.70	0.62	0.61	0.79	0.72	0.72	0.73	0.51
chr11	2167613	2171288	16044049	16044133	0.60	0.65	0.61	0.69	0.62	0.59	0.61	0.57	0.68	0.58	0.62	0.57	0.64	0.60	0.51	0.59	0.58	0.52	0.67	0.71	0.71	0.68	0.55	0.53	0.52	0.46	0.51	0.53	0.60	0.59	0.59	0.58	0.59	0.51	0.60	0.62	0.54	0.60	0.56	0.56	0.51	0.54	0.72	0.43	0.37	0.37	0.43	0.47	0.62	0.51	0.49	0.62	0.55	0.52	0.44	0.31	0.31	0.78	0.76	0.77	0.78	0.75	0.74	0.69	0.59	0.66	0.64	0.28	0.31	0.41	0.40	0.55	0.58	0.48	0.48	0.57	0.51	0.46	0.46	0.49	0.55	0.56	0.55	0.53	0.47	0.59	0.54	0.49	0.44	0.43	0.37	0.35	0.33	0.34	0.34	0.48	0.47	0.42	0.40	0.36	0.43	0.54	0.58	0.55	0.54	0.58	0.50	0.45	0.56	0.53	0.52	0.54	0.50	0.52	0.49	0.53	0.53	0.46	0.56	0.46	0.64	0.57	0.63	0.55	0.46	0.62	0.53	0.54	0.61	0.53	0.57	0.58	0.59	0.53	0.53	0.52	0.54	0.56	0.53	0.58	0.53	0.57	0.61	0.53	0.53	0.44	0.38	0.42	0.37	0.41	0.49	0.25	0.26	0.28	0.27	0.32	0.24	0.30	0.37	0.47	0.42	0.44	0.53	0.51	0.55	0.55	0.60	0.60	0.53	0.52	0.49	0.30	0.29	0.28	0.35	0.34	0.36	0.26	0.46	0.42	0.40	0.36	0.50	0.48	0.50	0.47	0.49	0.50	0.47	0.44	0.53	0.50	0.44	0.48	0.39	0.36	0.33	0.41	0.45	0.31	0.44	0.45	0.40	0.40	0.43	0.44	0.40	0.58	0.61	0.60	0.59	0.62	0.59	0.63	0.64	0.57	0.55	0.63	0.61	0.63	0.62	0.59	0.56	0.60	0.66	0.62	0.61	0.59	0.61	0.62	0.61	0.62	0.54	0.55	0.64	0.57	0.60	0.65	0.55	0.58	0.59	0.54	0.61	0.59	0.58	0.54	0.59	0.63	0.60	0.64	0.56	0.55
chr11	2465099	2465781	16051096	16051140	0.14	0.18	0.19	0.18	0.19	0.10	0.16	0.15	0.18	0.26	0.16	0.25	0.18	0.37	0.27	0.37	0.19	0.35	0.15	0.14	0.11	0.18	0.18	0.25	0.12	0.16	0.15	0.13	0.08	0.10	0.13	0.10	0.09	0.11	0.04	0.09	0.13	0.20	0.13	0.10	0.14	0.15	0.07	0.14	0.12	0.12	0.12	0.15	0.13	0.12	0.15	0.13	0.10	0.11	0.09	0.10	0.10	0.16	0.20	0.18	0.25	0.16	0.18	0.12	0.13	0.09	0.11	0.29	0.15	0.19	0.32	0.14	0.24	0.17	0.23	0.27	0.24	0.16	0.13	0.21	0.05	0.11	0.07	0.03	0.24	0.15	0.08	0.17	0.04	0.04	0.02	0.16	0.17	0.16	0.24	0.06	0.17	0.09	0.21	0.18	0.20	0.40	0.34	0.44	0.37	0.31	0.44	0.40	0.35	0.38	0.31	0.36	0.44	0.44	0.42	0.35	0.32	0.36	0.30	0.30	0.36	0.52	0.32	0.24	0.27	0.24	0.19	0.17	0.23	0.29	0.17	0.21	0.30	0.24	0.29	0.22	0.18	0.21	0.14	0.14	0.33	0.27	0.27	0.28	0.27	0.11	0.15	0.10	0.16	0.06	0.06	0.24	0.15	0.15	0.09	0.17	0.19	0.21	0.04	0.10	0.12	0.10	0.16	0.08	0.20	0.36	0.07	0.14	0.11	0.08	0.34	0.07	0.10	0.08	0.04	0.05	0.05	0.03	0.09	0.08	0.06	0.04	0.08	0.07	0.06	0.09	0.17	0.11	0.09	0.08	0.08	0.16	0.09	0.13	0.01	0.01	0.02	0.01	0.01	0.01	0.01	0.02	0.00	0.02	0.01	0.02	0.00	0.24	0.24	0.35	0.30	0.25	0.30	0.26	0.20	0.28	0.22	0.25	0.24	0.27	0.26	0.24	0.25	0.22	0.38	0.32	0.28	0.25	0.29	0.26	0.32	0.30	0.29	0.21	0.34	0.34	0.36	0.32	0.36	0.16	0.29	0.25	0.30	0.27	0.39	0.28	0.26	0.52	0.37	0.48	0.28	0.33
chr11	2716459	2722441	16055247	16055468	0.49	0.53	0.48	0.52	0.51	0.43	0.44	0.45	0.54	0.51	0.49	0.50	0.59	0.54	0.47	0.61	0.47	0.59	0.46	0.48	0.60	0.54	0.48	0.51	0.40	0.46	0.52	0.41	0.50	0.50	0.46	0.37	0.47	0.41	0.41	0.48	0.46	0.42	0.38	0.39	0.39	0.45	0.43	0.63	0.52	0.48	0.52	0.58	0.62	0.52	0.56	0.58	0.51	0.51	0.54	0.50	0.51	0.52	0.47	0.52	0.48	0.52	0.54	0.46	0.43	0.34	0.36	0.48	0.50	0.26	0.45	0.46	0.52	0.51	0.46	0.47	0.48	0.47	0.54	0.52	0.40	0.50	0.41	0.47	0.44	0.49	0.40	0.47	0.52	0.52	0.52	0.42	0.47	0.45	0.48	0.43	0.53	0.45	0.41	0.39	0.43	0.58	0.60	0.64	0.60	0.53	0.64	0.53	0.56	0.60	0.60	0.56	0.55	0.58	0.55	0.55	0.57	0.62	0.53	0.54	0.60	0.63	0.61	0.52	0.47	0.55	0.49	0.57	0.52	0.51	0.53	0.51	0.56	0.55	0.48	0.51	0.56	0.57	0.48	0.54	0.52	0.57	0.58	0.59	0.51	0.56	0.52	0.47	0.52	0.54	0.49	0.50	0.58	0.51	0.58	0.51	0.55	0.52	0.48	0.51	0.48	0.51	0.48	0.54	0.53	0.52	0.53	0.54	0.51	0.55	0.52	0.43	0.50	0.49	0.52	0.48	0.51	0.52	0.47	0.47	0.48	0.50	0.50	0.53	0.46	0.43	0.47	0.42	0.41	0.41	0.45	0.46	0.44	0.43	0.54	0.52	0.47	0.60	0.50	0.53	0.56	0.58	0.49	0.40	0.44	0.45	0.52	0.67	0.66	0.67	0.70	0.67	0.69	0.79	0.59	0.66	0.67	0.72	0.76	0.69	0.68	0.64	0.64	0.64	0.69	0.81	0.65	0.67	0.70	0.65	0.60	0.67	0.66	0.51	0.65	0.57	0.63	0.52	0.62	0.69	0.62	0.63	0.64	0.59	0.65	0.57	0.63	0.74	0.69	0.73	0.55	0.61
chr11	2890389	2891337	16059105	16059230	0.10	0.16	0.16	0.19	0.19	0.10	0.14	0.12	0.19	0.13	0.13	0.20	0.15	0.17	0.24	0.23	0.43	0.61	0.28	0.27	0.25	0.33	0.22	0.30	0.11	0.16	0.16	0.14	0.25	0.31	0.28	0.14	0.20	0.24	0.07	0.23	0.18	0.25	0.20	0.23	0.20	0.16	0.31	0.02	0.02	0.02	0.01	0.10	0.14	0.07	0.11	0.15	0.14	0.12	0.08	0.03	0.03	0.17	0.22	0.23	0.26	0.33	0.31	0.24	0.19	0.27	0.19	0.15	0.17	0.19	0.20	0.21	0.23	0.15	0.25	0.30	0.25	0.22	0.28	0.22	0.12	0.12	0.12	0.09	0.17	0.15	0.10	0.15	0.24	0.24	0.22	0.10	0.13	0.13	0.13	0.11	0.12	0.10	0.16	0.17	0.18	0.36	0.32	0.28	0.23	0.24	0.40	0.37	0.36	0.32	0.29	0.37	0.49	0.39	0.51	0.35	0.33	0.38	0.42	0.34	0.26	0.31	0.29	0.23	0.27	0.24	0.20	0.22	0.23	0.35	0.28	0.22	0.24	0.19	0.26	0.17	0.35	0.20	0.21	0.22	0.31	0.33	0.31	0.50	0.40	0.14	0.30	0.23	0.24	0.26	0.15	0.35	0.25	0.21	0.30	0.37	0.49	0.43	0.07	0.17	0.31	0.16	0.32	0.19	0.29	0.53	0.42	0.37	0.31	0.28	0.57	0.35	0.44	0.39	0.38	0.48	0.46	0.23	0.20	0.17	0.30	0.27	0.17	0.28	0.31	0.33	0.25	0.30	0.31	0.23	0.33	0.32	0.28	0.33	0.27	0.39	0.42	0.49	0.41	0.28	0.43	0.42	0.49	0.50	0.36	0.51	0.56	0.27	0.28	0.32	0.27	0.28	0.22	0.35	0.30	0.29	0.24	0.21	0.33	0.18	0.32	0.17	0.19	0.21	0.34	0.28	0.20	0.27	0.27	0.22	0.26	0.30	0.31	0.20	0.27	0.25	0.34	0.35	0.32	0.31	0.24	0.25	0.23	0.33	0.24	0.22	0.22	0.40	0.32	0.24	0.28	0.33
chr11	2904374	2907229	16059459	16059785	0.10	0.10	0.06	0.12	0.09	0.10	0.09	0.10	0.13	0.12	0.10	0.12	0.14	0.12	0.11	0.13	0.08	0.12	0.09	0.12	0.13	0.11	0.11	0.15	0.10	0.10	0.10	0.09	0.13	0.12	0.12	0.07	0.10	0.11	0.11	0.10	0.10	0.10	0.21	0.27	0.08	0.10	0.12	0.12	0.18	0.12	0.15	0.19	0.19	0.23	0.21	0.22	0.22	0.19	0.20	0.17	0.16	0.16	0.26	0.27	0.32	0.22	0.36	0.11	0.12	0.12	0.07	0.24	0.23	0.15	0.23	0.11	0.12	0.14	0.07	0.08	0.07	0.08	0.08	0.07	0.10	0.15	0.12	0.12	0.15	0.18	0.12	0.16	0.11	0.12	0.11	0.15	0.20	0.12	0.19	0.17	0.14	0.15	0.08	0.09	0.14	0.19	0.19	0.28	0.21	0.15	0.26	0.16	0.19	0.16	0.19	0.20	0.16	0.22	0.24	0.16	0.22	0.23	0.21	0.21	0.19	0.14	0.21	0.11	0.15	0.18	0.11	0.14	0.20	0.13	0.14	0.13	0.13	0.14	0.15	0.15	0.16	0.14	0.10	0.12	0.15	0.14	0.13	0.24	0.15	0.14	0.13	0.12	0.11	0.12	0.11	0.11	0.13	0.12	0.14	0.11	0.13	0.13	0.09	0.11	0.11	0.10	0.10	0.15	0.16	0.11	0.14	0.20	0.14	0.17	0.10	0.11	0.09	0.12	0.10	0.10	0.10	0.11	0.12	0.12	0.14	0.20	0.13	0.15	0.13	0.13	0.12	0.13	0.10	0.09	0.10	0.17	0.16	0.15	0.12	0.13	0.15	0.14	0.17	0.15	0.13	0.15	0.13	0.11	0.12	0.13	0.14	0.25	0.24	0.31	0.37	0.29	0.29	0.53	0.40	0.27	0.23	0.32	0.39	0.32	0.30	0.25	0.27	0.29	0.32	0.52	0.26	0.23	0.31	0.25	0.22	0.31	0.26	0.19	0.28	0.19	0.27	0.35	0.29	0.40	0.27	0.26	0.29	0.22	0.35	0.20	0.28	0.47	0.36	0.40	0.23	0.23
chr11	3141503	3142077	16064704	16064729	0.94	0.93	0.93	0.94	0.93	0.95	0.95	0.96	0.93	0.94	0.92	0.95	0.92	0.94	0.93	0.95	0.95	0.96	0.92	0.94	0.93	0.93	0.88	0.90	0.92	0.92	0.93	0.93	0.94	0.94	0.94	0.91	0.92	0.90	0.89	0.93	0.97	0.95	0.98	0.96	0.96	0.96	0.93	0.94	0.92	0.93	0.92	0.92	0.94	0.91	0.93	0.93	0.91	0.90	0.91	0.92	0.94	0.93	0.94	0.91	0.90	0.92	0.93	0.96	0.96	0.95	0.95	0.94	0.92	0.93	0.91	0.91	0.92	0.90	0.90	0.89	0.91	0.87	0.86	0.90	0.95	0.97	0.95	0.95	0.97	0.95	0.97	0.97	0.92	0.97	0.95	0.94	0.93	0.94	0.95	0.96	0.91	0.97	0.86	0.86	0.85	0.96	0.94	0.95	0.95	0.96	0.96	0.94	0.93	0.94	0.93	0.93	0.95	0.94	0.93	0.90	0.88	0.88	0.91	0.92	0.98	0.98	0.98	0.96	0.94	0.97	0.97	0.97	0.98	0.94	0.94	0.97	0.97	0.97	0.95	0.98	0.97	0.96	0.97	0.96	0.91	0.95	0.96	0.87	0.90	0.93	0.92	0.95	0.94	0.94	0.95	0.95	0.94	0.93	0.90	0.90	0.92	0.93	0.93	0.94	0.95	0.93	0.97	0.93	0.94	0.96	0.97	0.97	0.96	0.97	0.95	0.93	0.96	0.94	0.89	0.90	0.93	0.93	0.95	0.93	0.95	0.97	0.96	0.95	0.93	0.95	0.96	0.94	0.96	0.97	0.94	0.96	0.95	0.98	0.95	0.96	0.96	0.96	0.95	0.97	0.97	0.96	0.97	0.96	0.96	0.96	0.98	0.94	0.96	0.96	0.95	0.96	0.96	0.96	0.95	0.96	0.95	0.97	0.98	0.96	0.96	0.95	0.96	0.94	0.96	0.98	0.96	0.96	0.95	0.97	0.95	0.96	0.93	0.95	0.96	0.95	0.93	0.95	0.95	0.94	0.96	0.95	0.95	0.95	0.94	0.95	0.95	0.95	0.95	0.96	0.95	0.95
chr13	48892537	48895821	18833353	18833542	0.66	0.68	0.71	0.73	0.79	0.73	0.78	0.71	0.83	0.86	0.80	0.90	0.85	0.89	0.83	0.90	0.81	0.89	0.86	0.84	0.91	0.87	0.66	0.73	0.77	0.77	0.69	0.80	0.78	0.69	0.68	0.57	0.88	0.61	0.66	0.72	0.52	0.53	0.52	0.59	0.49	0.51	0.70	0.78	0.73	0.65	0.70	0.75	0.75	0.67	0.69	0.74	0.72	0.72	0.69	0.75	0.74	0.44	0.49	0.49	0.49	0.59	0.53	0.80	0.70	0.71	0.80	0.58	0.64	0.43	0.57	0.64	0.63	0.70	0.64	0.64	0.68	0.65	0.62	0.61	0.70	0.71	0.74	0.70	0.63	0.69	0.68	0.66	0.58	0.63	0.58	0.67	0.68	0.78	0.67	0.83	0.80	0.77	0.45	0.43	0.52	0.65	0.53	0.58	0.58	0.54	0.73	0.65	0.59	0.59	0.62	0.62	0.62	0.66	0.66	0.59	0.60	0.63	0.71	0.67	0.50	0.57	0.54	0.53	0.55	0.52	0.40	0.47	0.53	0.58	0.52	0.53	0.52	0.50	0.47	0.49	0.54	0.51	0.48	0.48	0.56	0.62	0.56	0.58	0.64	0.51	0.69	0.69	0.66	0.68	0.53	0.64	0.78	0.57	0.73	0.70	0.86	0.81	0.87	0.68	0.74	0.67	0.76	0.66	0.79	0.94	0.72	0.72	0.62	0.66	0.74	0.84	0.81	0.82	0.83	0.83	0.83	0.82	0.63	0.58	0.55	0.57	0.50	0.51	0.46	0.48	0.51	0.49	0.48	0.48	0.52	0.54	0.43	0.55	0.49	0.60	0.62	0.59	0.47	0.67	0.54	0.54	0.53	0.47	0.45	0.53	0.54	0.49	0.56	0.58	0.60	0.57	0.58	0.61	0.60	0.57	0.53	0.60	0.63	0.60	0.56	0.52	0.52	0.54	0.58	0.65	0.51	0.56	0.58	0.50	0.55	0.55	0.56	0.48	0.59	0.54	0.55	0.63	0.58	0.60	0.55	0.54	0.61	0.48	0.55	0.49	0.53	0.65	0.59	0.60	0.52	0.56
chr14	101275430	101278056	20097831	20097895	0.72	0.67	0.71	0.60	0.66	0.63	0.70	0.70	0.70	0.70	0.65	0.71	0.68	0.78	0.73	0.69	0.71	0.74	0.76	0.73	0.75	0.75	0.67	0.69	0.41	0.46	0.47	0.50	0.61	0.62	0.63	0.54	0.53	0.47	0.62	0.52	0.51	0.49	0.42	0.51	0.50	0.48	0.58	0.64	0.54	0.58	0.62	0.68	0.75	0.65	0.73	0.68	0.70	0.72	0.71	0.65	0.64	0.88	0.86	0.87	0.86	0.80	0.88	0.68	0.68	0.67	0.71	0.64	0.69	0.61	0.64	0.72	0.66	0.71	0.82	0.80	0.84	0.66	0.65	0.64	0.63	0.66	0.64	0.63	0.68	0.68	0.63	0.63	0.75	0.71	0.70	0.58	0.63	0.62	0.51	0.62	0.65	0.53	0.42	0.41	0.44	0.68	0.69	0.69	0.69	0.69	0.65	0.64	0.69	0.70	0.67	0.62	0.71	0.69	0.64	0.64	0.65	0.62	0.63	0.72	0.76	0.71	0.70	0.64	0.67	0.66	0.66	0.68	0.69	0.66	0.66	0.71	0.60	0.64	0.65	0.66	0.72	0.65	0.62	0.68	0.66	0.72	0.70	0.71	0.64	0.68	0.70	0.73	0.74	0.72	0.70	0.81	0.67	0.75	0.66	0.64	0.81	0.79	0.62	0.74	0.73	0.73	0.75	0.70	0.75	0.81	0.74	0.73	0.67	0.75	0.61	0.70	0.75	0.77	0.77	0.77	0.79	0.75	0.61	0.59	0.60	0.61	0.60	0.57	0.61	0.64	0.59	0.56	0.61	0.54	0.55	0.57	0.58	0.55	0.74	0.81	0.78	0.84	0.84	0.80	0.80	0.79	0.69	0.82	0.78	0.83	0.69	0.66	0.68	0.66	0.69	0.66	0.67	0.69	0.68	0.67	0.63	0.68	0.72	0.68	0.68	0.70	0.65	0.68	0.70	0.70	0.67	0.67	0.68	0.65	0.68	0.69	0.65	0.63	0.67	0.67	0.71	0.69	0.68	0.68	0.65	0.69	0.70	0.65	0.71	0.67	0.65	0.71	0.68	0.71	0.69	0.66
chr14	101290379	101294347	20098098	20098315	0.50	0.50	0.50	0.45	0.46	0.48	0.49	0.45	0.44	0.44	0.47	0.51	0.39	0.48	0.52	0.50	0.51	0.54	0.44	0.52	0.53	0.49	0.51	0.52	0.42	0.45	0.45	0.48	0.57	0.44	0.44	0.43	0.54	0.41	0.57	0.46	0.43	0.40	0.42	0.45	0.42	0.49	0.44	0.55	0.46	0.49	0.44	0.54	0.56	0.52	0.48	0.50	0.48	0.47	0.48	0.46	0.47	0.54	0.55	0.53	0.57	0.50	0.59	0.60	0.61	0.53	0.56	0.59	0.59	0.50	0.57	0.55	0.51	0.51	0.52	0.52	0.60	0.58	0.57	0.53	0.45	0.48	0.42	0.45	0.56	0.50	0.43	0.56	0.56	0.58	0.58	0.52	0.47	0.53	0.53	0.56	0.58	0.52	0.40	0.34	0.41	0.54	0.50	0.56	0.52	0.51	0.58	0.50	0.54	0.52	0.52	0.55	0.53	0.57	0.54	0.53	0.51	0.52	0.56	0.55	0.53	0.62	0.53	0.49	0.47	0.58	0.48	0.51	0.54	0.55	0.53	0.51	0.48	0.54	0.49	0.51	0.55	0.51	0.48	0.51	0.56	0.55	0.51	0.55	0.53	0.60	0.58	0.54	0.55	0.60	0.48	0.65	0.62	0.63	0.63	0.62	0.65	0.59	0.55	0.53	0.58	0.52	0.62	0.57	0.65	0.69	0.64	0.64	0.57	0.72	0.65	0.59	0.59	0.66	0.65	0.64	0.65	0.64	0.52	0.51	0.51	0.52	0.51	0.49	0.49	0.55	0.52	0.50	0.52	0.49	0.50	0.53	0.58	0.53	0.62	0.70	0.70	0.73	0.75	0.72	0.77	0.73	0.66	0.69	0.65	0.69	0.69	0.55	0.56	0.57	0.67	0.62	0.56	0.71	0.63	0.56	0.51	0.62	0.65	0.59	0.59	0.57	0.56	0.56	0.61	0.72	0.56	0.55	0.61	0.55	0.53	0.57	0.55	0.49	0.58	0.52	0.57	0.59	0.54	0.62	0.58	0.55	0.56	0.52	0.58	0.52	0.55	0.62	0.58	0.61	0.54	0.55
chr14	101348186	101349932	20099405	20099500	0.94	0.95	0.94	0.90	0.93	0.95	0.95	0.95	0.96	0.96	0.97	0.95	0.96	0.95	0.90	0.92	0.95	0.95	0.94	0.96	0.94	0.94	0.94	0.92	0.83	0.88	0.88	0.90	0.94	0.95	0.93	0.88	0.87	0.83	0.93	0.91	0.95	0.95	0.96	0.94	0.95	0.95	0.89	0.96	0.96	0.97	0.96	0.95	0.95	0.94	0.95	0.96	0.95	0.94	0.93	0.94	0.94	0.95	0.93	0.94	0.92	0.91	0.95	0.95	0.96	0.95	0.96	0.88	0.88	0.91	0.92	0.95	0.93	0.95	0.94	0.94	0.96	0.95	0.95	0.94	0.96	0.96	0.96	0.96	0.96	0.95	0.96	0.97	0.96	0.95	0.96	0.94	0.93	0.92	0.88	0.94	0.93	0.92	0.74	0.68	0.76	0.93	0.94	0.94	0.94	0.95	0.91	0.89	0.94	0.93	0.93	0.92	0.92	0.92	0.90	0.91	0.90	0.89	0.92	0.90	0.97	0.96	0.96	0.95	0.91	0.95	0.95	0.96	0.97	0.94	0.96	0.95	0.95	0.96	0.95	0.97	0.96	0.95	0.96	0.96	0.94	0.95	0.96	0.91	0.92	0.94	0.90	0.91	0.91	0.89	0.93	0.93	0.92	0.93	0.94	0.92	0.92	0.94	0.92	0.96	0.94	0.95	0.96	0.96	0.95	0.96	0.95	0.95	0.95	0.96	0.92	0.95	0.93	0.94	0.95	0.95	0.96	0.96	0.94	0.93	0.93	0.91	0.95	0.90	0.90	0.92	0.93	0.90	0.93	0.93	0.93	0.93	0.91	0.92	0.95	0.95	0.94	0.97	0.96	0.94	0.97	0.96	0.94	0.94	0.94	0.96	0.94	0.94	0.95	0.95	0.96	0.95	0.95	0.95	0.96	0.95	0.95	0.95	0.96	0.96	0.96	0.96	0.95	0.95	0.95	0.96	0.95	0.95	0.95	0.94	0.95	0.95	0.94	0.95	0.95	0.94	0.94	0.96	0.94	0.95	0.95	0.95	0.95	0.95	0.95	0.94	0.94	0.95	0.95	0.96	0.95	0.94
chr14	101370139	101371839	20099879	20099946	0.45	0.43	0.52	0.43	0.44	0.34	0.51	0.49	0.46	0.52	0.39	0.47	0.44	0.61	0.49	0.44	0.37	0.49	0.51	0.44	0.60	0.53	0.49	0.57	0.34	0.33	0.24	0.29	0.57	0.52	0.51	0.32	0.38	0.28	0.30	0.40	0.15	0.19	0.25	0.23	0.16	0.18	0.46	0.42	0.30	0.33	0.42	0.39	0.42	0.38	0.40	0.44	0.41	0.38	0.34	0.32	0.32	0.57	0.52	0.50	0.47	0.47	0.64	0.56	0.62	0.61	0.61	0.59	0.64	0.56	0.66	0.53	0.60	0.58	0.55	0.48	0.46	0.48	0.55	0.51	0.20	0.22	0.20	0.21	0.41	0.44	0.23	0.43	0.31	0.34	0.35	0.18	0.25	0.21	0.24	0.28	0.28	0.23	0.37	0.42	0.39	0.57	0.60	0.61	0.63	0.61	0.55	0.54	0.58	0.55	0.54	0.57	0.54	0.58	0.50	0.60	0.51	0.52	0.53	0.52	0.60	0.62	0.64	0.57	0.55	0.62	0.57	0.65	0.59	0.52	0.51	0.67	0.58	0.54	0.55	0.48	0.59	0.50	0.57	0.64	0.53	0.66	0.67	0.54	0.59	0.47	0.50	0.48	0.54	0.46	0.56	0.58	0.54	0.55	0.57	0.55	0.50	0.43	0.53	0.52	0.47	0.57	0.62	0.65	0.58	0.58	0.49	0.47	0.43	0.47	0.49	0.53	0.52	0.48	0.56	0.63	0.59	0.70	0.26	0.14	0.22	0.19	0.32	0.33	0.36	0.34	0.28	0.26	0.32	0.25	0.26	0.32	0.40	0.28	0.23	0.30	0.33	0.39	0.51	0.34	0.37	0.41	0.40	0.40	0.34	0.40	0.39	0.60	0.58	0.59	0.58	0.57	0.57	0.70	0.60	0.58	0.65	0.62	0.65	0.59	0.61	0.57	0.61	0.59	0.61	0.67	0.55	0.59	0.63	0.60	0.66	0.66	0.64	0.56	0.67	0.60	0.64	0.67	0.62	0.62	0.65	0.61	0.63	0.61	0.68	0.58	0.63	0.70	0.63	0.65	0.63	0.63
chr15	23805696	23810239	20252886	20252925	0.50	0.50	0.57	0.49	0.48	0.51	0.56	0.50	0.56	0.63	0.52	0.52	0.59	0.52	0.58	0.46	0.56	0.53	0.48	0.55	0.54	0.63	0.57	0.58	0.31	0.41	0.36	0.42	0.52	0.57	0.62	0.31	0.53	0.34	0.45	0.38	0.57	0.55	0.56	0.56	0.54	0.57	0.42	0.52	0.57	0.52	0.48	0.56	0.48	0.54	0.49	0.46	0.47	0.45	0.46	0.42	0.38	0.51	0.45	0.46	0.46	0.40	0.55	0.67	0.69	0.72	0.76	0.77	0.74	0.74	0.82	0.67	0.71	0.66	0.61	0.66	0.63	0.56	0.59	0.56	0.56	0.60	0.52	0.56	0.56	0.59	0.57	0.56	0.54	0.57	0.50	0.61	0.58	0.54	0.41	0.55	0.63	0.61	0.40	0.32	0.40	0.63	0.73	0.64	0.70	0.68	0.66	0.75	0.73	0.74	0.57	0.67	0.70	0.65	0.68	0.68	0.57	0.67	0.73	0.65	0.66	0.81	0.67	0.67	0.72	0.66	0.67	0.69	0.72	0.62	0.63	0.61	0.60	0.63	0.69	0.60	0.53	0.68	0.74	0.66	0.60	0.73	0.73	0.67	0.68	0.57	0.71	0.72	0.73	0.58	0.54	0.70	0.70	0.69	0.68	0.78	0.80	0.75	0.52	0.67	0.62	0.61	0.63	0.49	0.65	0.71	0.49	0.51	0.58	0.49	0.60	0.63	0.65	0.58	0.68	0.66	0.65	0.67	0.63	0.52	0.63	0.64	0.51	0.52	0.52	0.56	0.54	0.59	0.62	0.56	0.57	0.58	0.62	0.57	0.93	0.89	0.95	0.89	0.86	0.93	0.89	0.84	0.75	0.77	0.73	0.73	0.73	0.61	0.61	0.64	0.64	0.59	0.62	0.61	0.73	0.61	0.61	0.67	0.75	0.58	0.62	0.64	0.50	0.65	0.61	0.68	0.61	0.64	0.60	0.59	0.64	0.64	0.72	0.59	0.66	0.64	0.60	0.70	0.65	0.75	0.68	0.67	0.64	0.63	0.69	0.57	0.75	0.67	0.67	0.67	0.67	0.64
chr15	23892155	23893076	20253950	20254002	0.47	0.49	0.51	0.45	0.45	0.46	0.46	0.43	0.53	0.53	0.54	0.54	0.50	0.57	0.51	0.56	0.57	0.56	0.56	0.55	0.52	0.51	0.52	0.52	0.40	0.52	0.53	0.47	0.48	0.45	0.51	0.50	0.56	0.37	0.43	0.50	0.54	0.54	0.60	0.72	0.46	0.48	0.43	0.53	0.45	0.48	0.51	0.55	0.52	0.50	0.41	0.41	0.45	0.52	0.56	0.52	0.48	0.43	0.53	0.51	0.51	0.53	0.51	0.53	0.54	0.53	0.56	0.38	0.41	0.31	0.45	0.54	0.39	0.40	0.56	0.55	0.57	0.43	0.50	0.49	0.45	0.47	0.40	0.53	0.52	0.62	0.44	0.57	0.57	0.53	0.48	0.64	0.53	0.68	0.52	0.53	0.52	0.57	0.41	0.37	0.45	0.51	0.55	0.64	0.55	0.49	0.65	0.55	0.58	0.63	0.63	0.58	0.64	0.55	0.55	0.48	0.61	0.56	0.56	0.62	0.63	0.60	0.51	0.66	0.57	0.55	0.49	0.56	0.60	0.56	0.63	0.44	0.63	0.54	0.57	0.49	0.59	0.58	0.42	0.59	0.55	0.68	0.56	0.60	0.50	0.55	0.56	0.56	0.50	0.61	0.51	0.51	0.55	0.56	0.56	0.51	0.58	0.56	0.41	0.57	0.49	0.54	0.53	0.59	0.51	0.48	0.45	0.36	0.49	0.59	0.70	0.51	0.39	0.42	0.54	0.41	0.50	0.45	0.57	0.45	0.47	0.61	0.44	0.44	0.52	0.42	0.52	0.48	0.54	0.55	0.53	0.61	0.49	0.57	0.51	0.49	0.55	0.51	0.65	0.49	0.60	0.52	0.60	0.48	0.54	0.58	0.60	0.52	0.61	0.59	0.67	0.56	0.55	0.70	0.63	0.52	0.49	0.72	0.73	0.60	0.56	0.54	0.50	0.63	0.63	0.64	0.54	0.55	0.59	0.51	0.52	0.63	0.64	0.56	0.60	0.59	0.67	0.62	0.61	0.56	0.60	0.58	0.58	0.56	0.61	0.53	0.63	0.68	0.65	0.69	0.54	0.63
chr15	23927861	23932467	20254353	20254457	0.41	0.47	0.46	0.38	0.44	0.46	0.40	0.42	0.43	0.43	0.39	0.42	0.45	0.44	0.47	0.42	0.42	0.46	0.45	0.42	0.44	0.43	0.49	0.53	0.34	0.35	0.31	0.34	0.41	0.45	0.43	0.32	0.39	0.27	0.39	0.38	0.41	0.45	0.51	0.39	0.44	0.46	0.32	0.39	0.44	0.38	0.38	0.45	0.43	0.46	0.45	0.41	0.40	0.46	0.40	0.41	0.41	0.38	0.39	0.42	0.42	0.41	0.48	0.37	0.42	0.37	0.44	0.33	0.38	0.27	0.32	0.35	0.43	0.35	0.38	0.36	0.31	0.37	0.37	0.34	0.44	0.44	0.43	0.44	0.41	0.43	0.41	0.41	0.40	0.42	0.42	0.47	0.53	0.46	0.41	0.56	0.60	0.58	0.38	0.34	0.41	0.61	0.63	0.61	0.64	0.56	0.66	0.61	0.63	0.65	0.57	0.58	0.65	0.62	0.62	0.66	0.60	0.61	0.67	0.62	0.58	0.65	0.53	0.47	0.56	0.56	0.51	0.55	0.56	0.52	0.53	0.56	0.53	0.53	0.49	0.52	0.59	0.47	0.49	0.49	0.60	0.63	0.61	0.71	0.62	0.44	0.41	0.43	0.44	0.38	0.37	0.47	0.48	0.43	0.47	0.48	0.45	0.46	0.38	0.46	0.42	0.40	0.43	0.35	0.49	0.47	0.42	0.43	0.50	0.44	0.52	0.44	0.44	0.43	0.42	0.46	0.49	0.49	0.43	0.45	0.48	0.47	0.36	0.42	0.38	0.47	0.41	0.37	0.44	0.39	0.39	0.45	0.41	0.44	0.54	0.52	0.58	0.59	0.46	0.57	0.57	0.54	0.52	0.51	0.47	0.51	0.50	0.52	0.58	0.56	0.64	0.59	0.56	0.72	0.67	0.53	0.56	0.59	0.69	0.58	0.60	0.59	0.55	0.47	0.60	0.70	0.51	0.58	0.57	0.54	0.54	0.64	0.58	0.52	0.61	0.54	0.65	0.68	0.59	0.65	0.61	0.61	0.60	0.52	0.64	0.56	0.55	0.68	0.62	0.63	0.60	0.59
chr15	25068564	25069481	20263329	20263348	0.46	0.44	0.47	0.39	0.39	0.48	0.47	0.52	0.46	0.54	0.46	0.48	0.51	0.47	0.48	0.42	0.51	0.46	0.48	0.48	0.51	0.47	0.47	0.50	0.30	0.29	0.34	0.34	0.43	0.44	0.52	0.22	0.40	0.27	0.37	0.37	0.48	0.40	0.38	0.49	0.45	0.41	0.34	0.41	0.43	0.39	0.41	0.50	0.47	0.44	0.52	0.46	0.48	0.44	0.50	0.45	0.44	0.40	0.40	0.45	0.47	0.40	0.44	0.40	0.41	0.36	0.44	0.31	0.34	0.29	0.33	0.36	0.38	0.32	0.41	0.34	0.36	0.39	0.36	0.38	0.47	0.52	0.46	0.54	0.41	0.47	0.53	0.48	0.49	0.46	0.43	0.51	0.46	0.46	0.36	0.53	0.65	0.53	0.33	0.36	0.39	0.57	0.63	0.55	0.57	0.59	0.63	0.57	0.57	0.57	0.49	0.52	0.64	0.57	0.58	0.55	0.56	0.57	0.64	0.53	0.51	0.56	0.55	0.56	0.57	0.58	0.58	0.51	0.52	0.60	0.57	0.51	0.63	0.48	0.50	0.58	0.66	0.49	0.49	0.58	0.57	0.53	0.64	0.65	0.62	0.42	0.42	0.45	0.46	0.39	0.34	0.48	0.47	0.47	0.40	0.46	0.51	0.54	0.37	0.46	0.42	0.46	0.40	0.50	0.47	0.51	0.52	0.45	0.43	0.33	0.37	0.45	0.44	0.40	0.51	0.35	0.40	0.39	0.52	0.46	0.47	0.45	0.43	0.41	0.46	0.48	0.51	0.41	0.43	0.47	0.44	0.49	0.45	0.44	0.61	0.72	0.62	0.69	0.58	0.70	0.67	0.66	0.66	0.69	0.64	0.67	0.71	0.52	0.50	0.53	0.52	0.50	0.54	0.63	0.58	0.52	0.53	0.56	0.52	0.52	0.53	0.54	0.47	0.46	0.58	0.56	0.47	0.77	0.53	0.50	0.50	0.55	0.56	0.58	0.57	0.51	0.58	0.59	0.54	0.55	0.55	0.50	0.51	0.52	0.54	0.50	0.51	0.59	0.60	0.52	0.79	0.55
chr15	25092605	25093313	20263641	20263664	0.53	0.49	0.49	0.45	0.48	0.50	0.56	0.42	0.52	0.58	0.54	0.55	0.56	0.65	0.59	0.43	0.54	0.58	0.44	0.60	0.54	0.49	0.55	0.59	0.48	0.44	0.43	0.47	0.46	0.63	0.56	0.37	0.55	0.42	0.63	0.42	0.55	0.50	0.57	0.59	0.53	0.46	0.50	0.58	0.56	0.54	0.47	0.47	0.60	0.55	0.50	0.50	0.51	0.49	0.52	0.62	0.56	0.50	0.58	0.65	0.62	0.59	0.62	0.51	0.53	0.48	0.52	0.38	0.49	0.41	0.50	0.47	0.50	0.49	0.49	0.47	0.51	0.41	0.43	0.47	0.55	0.54	0.58	0.54	0.57	0.64	0.59	0.59	0.47	0.51	0.46	0.63	0.62	0.53	0.59	0.64	0.68	0.64	0.45	0.42	0.39	0.66	0.63	0.69	0.69	0.71	0.73	0.74	0.77	0.68	0.69	0.66	0.80	0.69	0.73	0.73	0.70	0.63	0.74	0.74	0.63	0.70	0.60	0.56	0.74	0.73	0.56	0.59	0.67	0.65	0.64	0.59	0.62	0.62	0.62	0.57	0.65	0.58	0.65	0.61	0.67	0.73	0.74	0.74	0.72	0.55	0.58	0.56	0.56	0.47	0.47	0.69	0.63	0.62	0.52	0.59	0.68	0.62	0.63	0.64	0.54	0.57	0.50	0.59	0.55	0.52	0.64	0.53	0.55	0.43	0.60	0.53	0.57	0.54	0.54	0.57	0.54	0.56	0.56	0.52	0.67	0.57	0.48	0.54	0.61	0.67	0.68	0.61	0.72	0.64	0.62	0.70	0.60	0.59	0.70	0.84	0.84	0.87	0.89	0.88	0.84	0.72	0.86	0.86	0.77	0.86	0.83	0.54	0.66	0.62	0.58	0.59	0.59	0.70	0.61	0.58	0.58	0.56	0.60	0.56	0.57	0.57	0.58	0.56	0.65	0.72	0.54	0.60	0.63	0.61	0.58	0.65	0.67	0.57	0.66	0.62	0.68	0.65	0.67	0.69	0.64	0.60	0.59	0.63	0.65	0.63	0.62	0.71	0.67	0.59	0.62	0.67
chr15	25093433	25094033	20263677	20263698	0.43	0.36	0.33	0.30	0.42	0.40	0.43	0.32	0.35	0.43	0.32	0.51	0.42	0.52	0.51	0.46	0.35	0.37	0.40	0.39	0.54	0.42	0.36	0.51	0.42	0.35	0.27	0.31	0.41	0.35	0.35	0.29	0.33	0.30	0.64	0.37	0.43	0.38	0.30	0.46	0.33	0.51	0.54	0.48	0.44	0.33	0.38	0.42	0.39	0.44	0.37	0.39	0.41	0.37	0.37	0.33	0.43	0.34	0.35	0.40	0.42	0.36	0.37	0.36	0.38	0.35	0.29	0.26	0.29	0.29	0.25	0.38	0.32	0.35	0.32	0.25	0.49	0.36	0.39	0.36	0.42	0.38	0.44	0.39	0.39	0.39	0.33	0.46	0.31	0.32	0.30	0.43	0.51	0.43	0.38	0.58	0.48	0.44	0.32	0.27	0.31	0.56	0.55	0.48	0.55	0.51	0.58	0.61	0.61	0.50	0.45	0.50	0.63	0.47	0.50	0.62	0.44	0.55	0.54	0.50	0.51	0.56	0.39	0.42	0.66	0.51	0.45	0.45	0.43	0.57	0.51	0.43	0.51	0.49	0.55	0.44	0.53	0.49	0.58	0.53	0.52	0.60	0.66	0.56	0.57	0.41	0.44	0.45	0.52	0.38	0.37	0.46	0.53	0.43	0.47	0.47	0.58	0.52	0.60	0.42	0.50	0.44	0.31	0.42	0.42	0.31	0.48	0.43	0.50	0.31	0.42	0.47	0.41	0.37	0.33	0.48	0.32	0.39	0.44	0.35	0.45	0.49	0.29	0.41	0.39	0.51	0.45	0.39	0.45	0.49	0.38	0.56	0.28	0.50	0.63	0.71	0.74	0.81	0.81	0.76	0.74	0.52	0.66	0.85	0.58	0.79	0.72	0.42	0.48	0.44	0.44	0.43	0.45	0.45	0.50	0.47	0.46	0.44	0.44	0.34	0.47	0.47	0.41	0.32	0.49	0.42	0.39	0.39	0.46	0.50	0.42	0.54	0.59	0.41	0.48	0.39	0.49	0.57	0.51	0.56	0.40	0.48	0.41	0.48	0.58	0.43	0.39	0.52	0.44	0.54	0.43	0.53
chr15	25122869	25123566	20264024	20264058	0.47	0.47	0.46	0.41	0.42	0.45	0.54	0.45	0.50	0.48	0.47	0.44	0.49	0.48	0.54	0.52	0.39	0.52	0.38	0.44	0.50	0.49	0.51	0.57	0.49	0.37	0.39	0.27	0.50	0.44	0.45	0.29	0.40	0.25	0.48	0.44	0.38	0.48	0.45	0.64	0.44	0.48	0.52	0.41	0.43	0.54	0.47	0.45	0.41	0.44	0.44	0.48	0.48	0.46	0.56	0.45	0.42	0.36	0.39	0.47	0.42	0.50	0.40	0.47	0.34	0.37	0.48	0.36	0.43	0.33	0.34	0.35	0.35	0.48	0.47	0.37	0.45	0.42	0.39	0.50	0.47	0.49	0.51	0.40	0.45	0.44	0.46	0.49	0.42	0.44	0.41	0.50	0.52	0.49	0.60	0.49	0.57	0.63	0.37	0.31	0.33	0.60	0.61	0.61	0.72	0.55	0.66	0.77	0.63	0.56	0.62	0.63	0.59	0.73	0.75	0.56	0.66	0.63	0.64	0.68	0.65	0.43	0.64	0.53	0.53	0.58	0.52	0.59	0.51	0.53	0.47	0.55	0.54	0.53	0.51	0.56	0.51	0.51	0.53	0.46	0.67	0.70	0.62	0.62	0.55	0.43	0.42	0.41	0.57	0.40	0.41	0.64	0.51	0.53	0.59	0.54	0.64	0.64	0.41	0.45	0.45	0.41	0.33	0.37	0.41	0.33	0.42	0.43	0.40	0.37	0.35	0.49	0.50	0.54	0.42	0.46	0.55	0.43	0.46	0.47	0.53	0.50	0.34	0.35	0.45	0.48	0.49	0.46	0.53	0.45	0.45	0.48	0.42	0.42	0.68	0.76	0.80	0.81	0.83	0.80	0.75	0.67	0.82	0.78	0.70	0.77	0.83	0.49	0.71	0.50	0.72	0.49	0.54	0.63	0.62	0.50	0.52	0.62	0.57	0.62	0.48	0.49	0.66	0.46	0.54	0.67	0.45	0.47	0.49	0.51	0.49	0.74	0.52	0.70	0.54	0.55	0.62	0.65	0.56	0.56	0.59	0.50	0.65	0.49	0.58	0.65	0.51	0.59	0.59	0.51	0.49	0.55
chr15	25200036	25204085	20264972	20265098	0.46	0.46	0.51	0.49	0.46	0.43	0.44	0.46	0.48	0.47	0.45	0.47	0.47	0.44	0.44	0.45	0.43	0.49	0.38	0.41	0.41	0.42	0.46	0.43	0.38	0.45	0.41	0.45	0.44	0.47	0.49	0.35	0.41	0.36	0.47	0.43	0.42	0.40	0.38	0.38	0.40	0.36	0.35	0.48	0.45	0.44	0.47	0.48	0.47	0.47	0.47	0.40	0.43	0.41	0.46	0.39	0.40	0.48	0.47	0.45	0.47	0.49	0.47	0.43	0.48	0.45	0.40	0.37	0.40	0.23	0.39	0.34	0.41	0.43	0.51	0.42	0.43	0.46	0.39	0.39	0.44	0.49	0.45	0.46	0.43	0.48	0.42	0.47	0.45	0.48	0.39	0.41	0.49	0.49	0.40	0.52	0.47	0.45	0.34	0.34	0.43	0.53	0.50	0.50	0.49	0.47	0.51	0.40	0.49	0.51	0.53	0.54	0.46	0.49	0.52	0.42	0.44	0.49	0.49	0.51	0.51	0.60	0.53	0.49	0.48	0.45	0.39	0.52	0.51	0.49	0.50	0.45	0.51	0.50	0.51	0.49	0.51	0.51	0.46	0.47	0.50	0.51	0.48	0.47	0.53	0.52	0.44	0.47	0.49	0.47	0.43	0.42	0.49	0.48	0.52	0.46	0.45	0.45	0.41	0.47	0.45	0.45	0.43	0.47	0.48	0.44	0.46	0.44	0.41	0.47	0.42	0.49	0.45	0.46	0.49	0.50	0.48	0.49	0.50	0.49	0.47	0.49	0.41	0.48	0.44	0.46	0.42	0.49	0.39	0.40	0.45	0.44	0.40	0.45	0.49	0.54	0.46	0.49	0.42	0.54	0.48	0.48	0.47	0.48	0.44	0.47	0.50	0.51	0.54	0.54	0.57	0.56	0.52	0.66	0.59	0.51	0.54	0.58	0.57	0.51	0.55	0.53	0.54	0.52	0.57	0.65	0.54	0.56	0.55	0.50	0.50	0.53	0.59	0.58	0.55	0.49	0.51	0.55	0.52	0.62	0.55	0.52	0.55	0.50	0.57	0.49	0.53	0.58	0.55	0.57	0.50	0.50
chr15	25683349	25684415	20269569	20269722	0.00	0.01	0.01	0.01	0.01	0.00	0.01	0.01	0.01	0.01	0.01	0.01	0.01	0.01	0.01	0.01	0.01	0.01	0.01	0.01	0.01	0.01	0.00	0.01	0.01	0.00	0.01	0.01	0.01	0.01	0.01	0.01	0.01	0.01	0.01	0.01	0.00	0.00	0.02	0.03	0.01	0.01	0.01	0.01	0.01	0.01	0.01	0.01	0.00	0.01	0.01	0.01	0.01	0.01	0.01	0.01	0.01	0.01	0.01	0.01	0.01	0.01	0.01	0.01	0.00	0.01	0.01	0.01	0.00	0.00	0.01	0.01	0.01	0.00	0.01	0.01	0.01	0.01	0.01	0.01	0.01	0.01	0.01	0.01	0.01	0.01	0.01	0.01	0.01	0.01	0.01	0.00	0.01	0.01	0.01	0.01	0.01	0.01	0.01	0.01	0.00	0.01	0.01	0.01	0.01	0.01	0.01	0.01	0.01	0.01	0.01	0.01	0.01	0.01	0.01	0.01	0.01	0.01	0.01	0.01	0.01	0.01	0.01	0.01	0.01	0.01	0.01	0.01	0.01	0.01	0.01	0.01	0.01	0.01	0.01	0.01	0.01	0.01	0.01	0.01	0.01	0.01	0.01	0.01	0.01	0.01	0.01	0.01	0.01	0.01	0.01	0.01	0.01	0.01	0.01	0.01	0.00	0.01	0.01	0.01	0.01	0.01	0.01	0.01	0.01	0.01	0.01	0.01	0.01	0.01	0.01	0.01	0.01	0.01	0.01	0.01	0.01	0.01	0.01	0.01	0.01	0.01	0.01	0.01	0.01	0.01	0.01	0.00	0.01	0.01	0.00	0.01	0.00	0.01	0.01	0.01	0.01	0.01	0.02	0.01	0.01	0.01	0.01	0.01	0.01	0.01	0.00	0.02	0.02	0.02	0.01	0.02	0.01	0.03	0.03	0.02	0.02	0.02	0.03	0.02	0.01	0.02	0.02	0.02	0.01	0.03	0.02	0.02	0.02	0.02	0.03	0.02	0.01	0.01	0.02	0.02	0.02	0.01	0.02	0.02	0.03	0.02	0.02	0.02	0.02	0.02	0.02	0.03	0.03	0.02	0.02	0.02
chr15	26107316	26109018	20274868	20275038	0.04	0.04	0.05	0.03	0.03	0.02	0.02	0.01	0.04	0.04	0.05	0.05	0.05	0.05	0.05	0.04	0.05	0.06	0.04	0.04	0.03	0.04	0.04	0.04	0.02	0.03	0.02	0.03	0.05	0.06	0.03	0.02	0.01	0.01	0.06	0.02	0.10	0.08	0.07	0.08	0.08	0.08	0.02	0.06	0.04	0.03	0.05	0.07	0.13	0.10	0.12	0.15	0.13	0.14	0.10	0.03	0.03	0.04	0.06	0.06	0.08	0.05	0.06	0.03	0.03	0.03	0.03	0.02	0.03	0.03	0.02	0.04	0.05	0.06	0.05	0.04	0.04	0.04	0.05	0.03	0.03	0.04	0.03	0.04	0.04	0.04	0.04	0.04	0.04	0.05	0.05	0.02	0.02	0.03	0.03	0.04	0.05	0.03	0.02	0.01	0.01	0.04	0.04	0.02	0.03	0.03	0.06	0.04	0.06	0.02	0.02	0.03	0.08	0.11	0.09	0.05	0.03	0.03	0.06	0.07	0.02	0.02	0.03	0.02	0.02	0.02	0.02	0.02	0.02	0.08	0.04	0.03	0.02	0.02	0.02	0.02	0.02	0.02	0.02	0.02	0.05	0.04	0.03	0.07	0.05	0.07	0.06	0.05	0.07	0.03	0.02	0.05	0.07	0.04	0.04	0.06	0.07	0.10	0.05	0.02	0.02	0.02	0.10	0.08	0.12	0.21	0.08	0.08	0.06	0.07	0.33	0.03	0.04	0.03	0.03	0.05	0.08	0.03	0.02	0.02	0.02	0.01	0.02	0.10	0.09	0.12	0.07	0.06	0.08	0.05	0.05	0.04	0.04	0.04	0.06	0.20	0.27	0.23	0.56	0.16	0.40	0.31	0.65	0.06	0.36	0.65	0.68	0.03	0.02	0.04	0.03	0.03	0.04	0.04	0.04	0.04	0.03	0.04	0.07	0.03	0.03	0.02	0.04	0.04	0.04	0.07	0.04	0.03	0.03	0.04	0.05	0.03	0.04	0.02	0.04	0.04	0.06	0.05	0.06	0.05	0.04	0.05	0.03	0.03	0.05	0.04	0.05	0.06	0.06	0.05	0.03	0.04
chr15	26874098	26874528	20282280	20282317	0.79	0.66	0.59	0.66	0.72	0.66	0.75	0.60	0.84	0.91	0.75	0.70	0.73	0.65	0.80	0.80	0.62	0.77	0.74	0.59	0.75	0.84	0.62	0.67	0.58	0.64	0.68	0.74	0.70	0.48	0.82	0.72	0.83	0.57	0.42	0.57	0.50	0.49	0.39	0.70	0.46	0.36	0.59	0.89	0.93	0.92	0.84	0.85	0.74	0.80	0.69	0.83	0.78	0.74	0.65	0.79	0.87	0.57	0.47	0.67	0.67	0.45	0.48	0.53	0.81	0.76	0.70	0.59	0.46	0.58	0.69	0.78	0.41	0.79	0.73	0.32	0.67	0.75	0.35	0.82	0.82	0.74	0.68	0.93	0.90	0.71	0.90	0.92	0.59	0.60	0.67	0.85	0.61	0.61	0.66	0.65	0.75	0.72	0.56	0.63	0.74	0.80	0.68	0.82	0.88	0.64	0.79	0.85	0.67	0.78	0.70	0.61	0.69	0.75	0.65	0.68	0.64	0.69	0.83	0.79	0.64	0.83	0.55	0.87	0.84	0.63	0.84	0.90	0.64	0.72	0.74	0.77	0.82	0.71	0.75	0.78	0.93	0.80	0.86	0.61	0.81	0.91	0.62	0.53	0.82	0.70	0.85	0.87	0.57	0.63	0.74	0.71	0.83	0.64	0.60	0.49	0.62	0.75	0.37	0.49	0.74	0.53	0.54	0.90	0.72	0.69	0.81	0.74	0.53	0.78	0.28	0.55	0.78	0.84	0.90	0.82	0.82	0.41	0.75	0.70	0.68	0.74	0.56	0.56	0.66	0.53	0.69	0.52	0.54	0.43	0.54	0.50	0.45	0.49	0.64	0.81	0.78	0.95	0.77	0.84	0.76	0.68	0.76	0.59	0.63	0.89	0.78	0.54	0.87	0.67	0.81	0.72	0.50	0.88	0.72	0.75	0.72	0.77	0.61	0.90	0.79	0.72	0.72	0.55	0.75	0.83	0.70	0.73	0.88	0.74	0.75	0.87	0.61	0.68	0.75	0.45	0.86	0.68	0.76	0.72	0.63	0.47	0.89	0.80	0.78	0.72	0.68	0.87	0.75	0.80	0.75	0.85
chr15	27112031	27113479	20285052	20285234	0.02	0.02	0.02	0.01	0.02	0.01	0.02	0.02	0.02	0.02	0.01	0.02	0.02	0.02	0.15	0.02	0.02	0.02	0.02	0.02	0.02	0.02	0.12	0.20	0.02	0.02	0.02	0.02	0.02	0.02	0.03	0.01	0.03	0.01	0.03	0.03	0.04	0.03	0.06	0.05	0.03	0.02	0.01	0.02	0.02	0.01	0.02	0.02	0.02	0.02	0.02	0.03	0.02	0.02	0.01	0.01	0.02	0.01	0.02	0.03	0.05	0.05	0.02	0.02	0.02	0.02	0.02	0.02	0.01	0.02	0.02	0.02	0.02	0.04	0.02	0.02	0.03	0.02	0.02	0.02	0.02	0.02	0.01	0.02	0.03	0.02	0.02	0.03	0.02	0.03	0.02	0.03	0.02	0.05	0.05	0.07	0.07	0.08	0.02	0.02	0.02	0.19	0.10	0.09	0.10	0.08	0.36	0.31	0.19	0.10	0.09	0.11	0.31	0.31	0.33	0.16	0.13	0.17	0.28	0.22	0.06	0.05	0.06	0.04	0.20	0.05	0.04	0.04	0.02	0.17	0.08	0.05	0.04	0.05	0.07	0.03	0.03	0.04	0.03	0.04	0.19	0.19	0.17	0.30	0.24	0.02	0.02	0.02	0.03	0.02	0.01	0.05	0.06	0.02	0.06	0.06	0.07	0.06	0.05	0.01	0.04	0.02	0.03	0.02	0.03	0.05	0.05	0.07	0.03	0.03	0.34	0.03	0.03	0.05	0.03	0.02	0.02	0.01	0.03	0.02	0.02	0.04	0.02	0.03	0.04	0.06	0.03	0.02	0.05	0.03	0.03	0.05	0.05	0.03	0.22	0.48	0.54	0.53	0.49	0.57	0.57	0.41	0.66	0.49	0.27	0.60	0.65	0.04	0.04	0.05	0.04	0.04	0.04	0.09	0.06	0.06	0.04	0.04	0.05	0.05	0.04	0.04	0.06	0.06	0.07	0.11	0.05	0.04	0.06	0.05	0.07	0.08	0.06	0.04	0.07	0.07	0.15	0.05	0.12	0.14	0.16	0.07	0.07	0.06	0.11	0.10	0.14	0.28	0.09	0.06	0.07	0.11
chr15	99408179	99409039	21045325	21045356	0.30	0.52	0.43	0.51	0.42	0.47	0.34	0.31	0.49	0.35	0.53	0.39	0.46	0.38	0.35	0.29	0.37	0.39	0.37	0.37	0.41	0.36	0.39	0.38	0.53	0.54	0.42	0.48	0.53	0.49	0.47	0.47	0.46	0.46	0.49	0.47	0.50	0.50	0.42	0.53	0.45	0.37	0.48	0.66	0.49	0.53	0.48	0.53	0.58	0.46	0.45	0.53	0.48	0.41	0.59	0.59	0.49	0.47	0.49	0.52	0.45	0.47	0.61	0.52	0.44	0.53	0.54	0.57	0.62	0.29	0.64	0.52	0.55	0.62	0.56	0.53	0.56	0.58	0.51	0.52	0.58	0.68	0.56	0.57	0.53	0.54	0.53	0.42	0.48	0.54	0.61	0.57	0.44	0.53	0.46	0.38	0.58	0.50	0.35	0.38	0.45	0.49	0.46	0.53	0.71	0.43	0.50	0.61	0.52	0.64	0.58	0.49	0.55	0.54	0.41	0.67	0.58	0.57	0.57	0.42	0.64	0.53	0.46	0.52	0.67	0.48	0.55	0.73	0.42	0.46	0.44	0.38	0.52	0.51	0.56	0.47	0.46	0.43	0.84	0.48	0.51	0.77	0.45	0.48	0.54	0.57	0.45	0.52	0.25	0.51	0.49	0.42	0.42	0.52	0.40	0.56	0.41	0.56	0.42	0.52	0.52	0.44	0.44	0.63	0.53	0.49	0.48	0.46	0.50	0.51	0.33	0.44	0.56	0.63	0.59	0.49	0.63	0.40	0.74	0.45	0.59	0.66	0.41	0.51	0.61	0.63	0.43	0.59	0.71	0.62	0.54	0.68	0.53	0.46	0.46	0.53	0.60	0.55	0.51	0.58	0.66	0.69	0.64	0.54	0.41	0.61	0.62	0.59	0.62	0.69	0.61	0.49	0.59	0.60	0.50	0.54	0.56	0.57	0.56	0.65	0.62	0.73	0.56	0.56	0.73	0.57	0.64	0.73	0.57	0.63	0.58	0.60	0.74	0.50	0.58	0.46	0.51	0.57	0.49	0.57	0.48	0.55	0.63	0.66	0.62	0.52	0.55	0.69	0.51	0.61	0.62	0.54
chr15	99409133	99410334	21045356	21045397	0.13	0.22	0.12	0.27	0.19	0.20	0.06	0.06	0.25	0.03	0.21	0.04	0.11	0.06	0.11	0.02	0.03	0.03	0.11	0.17	0.08	0.12	0.19	0.33	0.10	0.20	0.15	0.14	0.33	0.43	0.43	0.32	0.20	0.24	0.30	0.27	0.37	0.33	0.30	0.26	0.38	0.32	0.43	0.41	0.37	0.37	0.31	0.34	0.44	0.19	0.23	0.36	0.32	0.24	0.21	0.57	0.55	0.44	0.47	0.44	0.43	0.40	0.49	0.54	0.39	0.49	0.56	0.66	0.63	0.39	0.63	0.43	0.40	0.52	0.43	0.42	0.48	0.37	0.41	0.42	0.37	0.40	0.39	0.37	0.54	0.46	0.36	0.51	0.56	0.68	0.58	0.46	0.35	0.50	0.46	0.24	0.37	0.37	0.37	0.43	0.46	0.46	0.47	0.46	0.60	0.35	0.43	0.65	0.44	0.44	0.39	0.42	0.48	0.40	0.47	0.39	0.41	0.44	0.51	0.43	0.44	0.47	0.47	0.39	0.54	0.40	0.47	0.71	0.45	0.36	0.37	0.28	0.38	0.45	0.40	0.45	0.47	0.44	0.68	0.42	0.43	0.66	0.45	0.50	0.44	0.40	0.45	0.41	0.24	0.48	0.41	0.46	0.42	0.52	0.37	0.53	0.30	0.50	0.44	0.54	0.52	0.44	0.45	0.64	0.52	0.50	0.35	0.38	0.52	0.41	0.18	0.45	0.43	0.55	0.55	0.56	0.57	0.44	0.76	0.54	0.58	0.67	0.55	0.51	0.59	0.60	0.44	0.60	0.65	0.54	0.60	0.60	0.53	0.44	0.57	0.61	0.58	0.60	0.41	0.53	0.63	0.63	0.52	0.44	0.52	0.55	0.59	0.44	0.46	0.54	0.45	0.29	0.40	0.55	0.44	0.39	0.45	0.40	0.40	0.43	0.50	0.52	0.44	0.42	0.44	0.48	0.45	0.54	0.38	0.48	0.44	0.56	0.60	0.44	0.46	0.41	0.49	0.48	0.44	0.49	0.43	0.50	0.50	0.61	0.57	0.43	0.48	0.52	0.46	0.53	0.57	0.48
chr16	3481758	3482388	21200034	21200065	0.63	0.67	0.57	0.67	0.57	0.57	0.56	0.70	0.57	0.54	0.55	0.59	0.60	0.57	0.51	0.58	0.60	0.62	0.58	0.63	0.58	0.53	0.59	0.56	0.47	0.58	0.57	0.51	0.68	0.49	0.66	0.64	0.65	0.57	0.56	0.69	0.65	0.62	0.66	0.42	0.65	0.81	0.61	0.63	0.68	0.69	0.67	0.61	0.62	0.65	0.58	0.65	0.68	0.66	0.72	0.77	0.64	0.66	0.66	0.65	0.73	0.83	0.61	0.63	0.56	0.74	0.69	0.73	0.62	0.50	0.66	0.66	0.68	0.69	0.63	0.70	0.71	0.61	0.68	0.71	0.59	0.58	0.59	0.66	0.59	0.65	0.68	0.62	0.61	0.45	0.52	0.55	0.57	0.60	0.59	0.69	0.75	0.69	0.51	0.56	0.42	0.44	0.59	0.59	0.69	0.58	0.52	0.67	0.58	0.57	0.59	0.59	0.59	0.55	0.65	0.52	0.57	0.59	0.53	0.59	0.56	0.55	0.61	0.51	0.62	0.66	0.41	0.73	0.67	0.65	0.59	0.61	0.73	0.67	0.69	0.65	0.56	0.48	0.69	0.60	0.52	0.79	0.57	0.62	0.66	0.60	0.62	0.65	0.74	0.63	0.65	0.70	0.78	0.65	0.72	0.66	0.72	0.60	0.48	0.66	0.63	0.72	0.64	0.63	0.62	0.77	0.79	0.65	0.62	0.94	0.77	0.63	0.81	0.67	0.62	0.74	0.59	0.64	0.65	0.68	0.74	0.71	0.62	0.58	0.53	0.69	0.54	0.57	0.63	0.62	0.54	0.64	0.66	0.66	0.72	0.74	0.86	0.87	0.77	0.94	0.82	0.84	0.81	0.85	0.73	0.77	0.83	0.56	0.66	0.66	0.61	0.63	0.58	0.64	0.66	0.61	0.63	0.70	0.66	0.63	0.65	0.68	0.54	0.63	0.69	0.67	0.69	0.60	0.64	0.59	0.47	0.64	0.63	0.57	0.66	0.59	0.60	0.60	0.60	0.75	0.60	0.56	0.55	0.57	0.64	0.53	0.51	0.77	0.69	0.78	0.59	0.57
chr16	3492623	3495241	21200184	21200274	0.44	0.47	0.44	0.39	0.37	0.35	0.50	0.45	0.42	0.43	0.41	0.49	0.48	0.49	0.42	0.43	0.42	0.45	0.37	0.46	0.47	0.42	0.37	0.42	0.36	0.36	0.35	0.39	0.44	0.42	0.47	0.40	0.39	0.37	0.36	0.42	0.44	0.35	0.25	0.28	0.41	0.39	0.52	0.51	0.46	0.43	0.43	0.46	0.44	0.48	0.44	0.47	0.49	0.41	0.48	0.44	0.42	0.38	0.44	0.41	0.48	0.39	0.42	0.43	0.39	0.38	0.46	0.38	0.38	0.19	0.39	0.37	0.38	0.47	0.45	0.44	0.41	0.40	0.45	0.45	0.39	0.43	0.41	0.39	0.44	0.40	0.42	0.47	0.36	0.36	0.37	0.50	0.50	0.48	0.51	0.51	0.47	0.53	0.38	0.37	0.37	0.48	0.52	0.49	0.52	0.43	0.49	0.44	0.51	0.43	0.51	0.53	0.48	0.50	0.51	0.43	0.45	0.48	0.49	0.46	0.48	0.52	0.51	0.53	0.51	0.56	0.43	0.49	0.50	0.47	0.53	0.46	0.42	0.46	0.45	0.56	0.48	0.50	0.43	0.48	0.47	0.58	0.55	0.56	0.51	0.50	0.42	0.39	0.41	0.42	0.40	0.48	0.53	0.51	0.52	0.46	0.50	0.51	0.41	0.46	0.36	0.44	0.45	0.42	0.47	0.52	0.35	0.38	0.48	0.17	0.42	0.43	0.34	0.45	0.42	0.35	0.44	0.47	0.39	0.33	0.34	0.41	0.36	0.42	0.41	0.45	0.38	0.42	0.42	0.39	0.33	0.40	0.38	0.38	0.42	0.46	0.47	0.49	0.38	0.55	0.48	0.54	0.43	0.49	0.47	0.56	0.52	0.52	0.61	0.61	0.65	0.58	0.59	0.75	0.61	0.55	0.59	0.63	0.66	0.60	0.61	0.59	0.53	0.49	0.62	0.70	0.69	0.57	0.58	0.51	0.48	0.56	0.57	0.49	0.57	0.52	0.54	0.58	0.49	0.61	0.53	0.52	0.53	0.51	0.53	0.49	0.48	0.57	0.58	0.72	0.55	0.51
chr18	44541842	44561790	23699156	23700156	0.94	0.92	0.94	0.90	0.91	0.90	0.92	0.93	0.93	0.94	0.93	0.94	0.94	0.92	0.91	0.90	0.93	0.90	0.93	0.94	0.92	0.93	0.91	0.89	0.69	0.81	0.79	0.78	0.84	0.91	0.93	0.79	0.82	0.68	0.86	0.80	0.81	0.94	0.94	0.94	0.95	0.93	0.83	0.95	0.93	0.93	0.94	0.95	0.97	0.97	0.93	0.96	0.96	0.96	0.96	0.94	0.94	0.92	0.93	0.94	0.94	0.93	0.93	0.95	0.90	0.93	0.94	0.85	0.85	0.79	0.87	0.89	0.91	0.90	0.90	0.90	0.91	0.88	0.89	0.90	0.92	0.92	0.91	0.94	0.95	0.92	0.93	0.95	0.94	0.94	0.94	0.96	0.93	0.96	0.93	0.94	0.87	0.93	0.74	0.69	0.77	0.93	0.93	0.94	0.92	0.93	0.92	0.87	0.91	0.88	0.93	0.93	0.86	0.92	0.91	0.84	0.90	0.89	0.84	0.89	0.96	0.92	0.96	0.95	0.90	0.94	0.95	0.95	0.94	0.83	0.83	0.94	0.96	0.94	0.94	0.94	0.60	0.95	0.94	0.94	0.93	0.94	0.94	0.92	0.90	0.92	0.92	0.92	0.93	0.89	0.91	0.94	0.92	0.91	0.90	0.91	0.95	0.96	0.84	0.92	0.94	0.90	0.93	0.95	0.96	0.96	0.92	0.92	0.92	0.93	0.94	0.95	0.95	0.95	0.93	0.95	0.96	0.93	0.90	0.91	0.89	0.90	0.91	0.88	0.88	0.90	0.92	0.90	0.90	0.90	0.90	0.90	0.90	0.92	0.96	0.95	0.94	0.95	0.95	0.94	0.96	0.96	0.92	0.95	0.95	0.94	0.92	0.91	0.92	0.92	0.93	0.92	0.92	0.93	0.93	0.93	0.91	0.92	0.93	0.91	0.89	0.93	0.91	0.92	0.92	0.93	0.93	0.92	0.90	0.91	0.86	0.93	0.94	0.93	0.94	0.92	0.93	0.94	0.92	0.93	0.92	0.93	0.91	0.89	0.93	0.91	0.92	0.92	0.92	0.94	0.93	0.89
chr19	54040813	54042264	24978552	24978666	0.49	0.49	0.48	0.48	0.45	0.48	0.50	0.41	0.49	0.51	0.48	0.44	0.42	0.54	0.42	0.54	0.50	0.53	0.41	0.53	0.55	0.51	0.42	0.40	0.32	0.44	0.45	0.51	0.44	0.48	0.54	0.46	0.48	0.44	0.51	0.50	0.46	0.47	0.49	0.45	0.42	0.43	0.49	0.61	0.52	0.42	0.50	0.52	0.51	0.53	0.49	0.51	0.49	0.45	0.54	0.53	0.47	0.46	0.47	0.45	0.50	0.50	0.50	0.40	0.42	0.36	0.42	0.34	0.42	0.17	0.40	0.43	0.46	0.43	0.47	0.48	0.45	0.43	0.39	0.45	0.47	0.49	0.44	0.47	0.46	0.54	0.47	0.48	0.47	0.50	0.40	0.45	0.44	0.51	0.50	0.55	0.49	0.54	0.42	0.40	0.46	0.54	0.46	0.52	0.52	0.49	0.59	0.47	0.55	0.58	0.54	0.57	0.55	0.61	0.52	0.48	0.53	0.50	0.53	0.52	0.54	0.48	0.50	0.46	0.47	0.61	0.40	0.56	0.57	0.53	0.44	0.47	0.59	0.55	0.48	0.48	0.45	0.50	0.45	0.46	0.48	0.56	0.55	0.57	0.51	0.49	0.39	0.39	0.44	0.47	0.44	0.45	0.53	0.49	0.43	0.49	0.50	0.37	0.45	0.46	0.36	0.41	0.37	0.52	0.44	0.43	0.39	0.43	0.47	0.50	0.50	0.40	0.44	0.50	0.46	0.49	0.46	0.46	0.50	0.46	0.47	0.55	0.44	0.47	0.45	0.48	0.48	0.44	0.39	0.38	0.46	0.45	0.47	0.43	0.40	0.43	0.50	0.56	0.48	0.44	0.46	0.51	0.50	0.51	0.48	0.49	0.56	0.60	0.65	0.68	0.71	0.68	0.64	0.82	0.57	0.63	0.61	0.73	0.78	0.70	0.69	0.68	0.60	0.63	0.74	0.75	0.65	0.62	0.69	0.68	0.54	0.70	0.40	0.51	0.68	0.47	0.64	0.70	0.57	0.61	0.60	0.60	0.62	0.54	0.70	0.52	0.60	0.75	0.75	0.74	0.57	0.57
chr19	54056918	54058893	24978878	24979000	0.63	0.56	0.57	0.58	0.56	0.54	0.47	0.50	0.56	0.56	0.48	0.57	0.55	0.57	0.53	0.60	0.48	0.56	0.40	0.54	0.52	0.56	0.53	0.50	0.51	0.57	0.51	0.55	0.56	0.61	0.57	0.54	0.52	0.52	0.51	0.54	0.51	0.48	0.53	0.47	0.52	0.51	0.44	0.71	0.59	0.51	0.54	0.58	0.56	0.52	0.48	0.51	0.44	0.57	0.53	0.43	0.46	0.60	0.63	0.67	0.63	0.59	0.66	0.50	0.50	0.42	0.51	0.45	0.47	0.27	0.43	0.38	0.49	0.51	0.41	0.45	0.46	0.45	0.46	0.46	0.45	0.52	0.44	0.47	0.50	0.56	0.50	0.51	0.51	0.48	0.53	0.45	0.57	0.54	0.56	0.57	0.51	0.51	0.44	0.42	0.42	0.63	0.55	0.61	0.59	0.56	0.71	0.60	0.59	0.57	0.63	0.51	0.54	0.61	0.60	0.55	0.58	0.62	0.62	0.54	0.64	0.64	0.58	0.57	0.52	0.56	0.49	0.54	0.61	0.53	0.56	0.55	0.58	0.59	0.55	0.56	0.57	0.63	0.58	0.53	0.56	0.63	0.61	0.56	0.49	0.54	0.43	0.41	0.50	0.52	0.47	0.45	0.49	0.47	0.49	0.45	0.47	0.45	0.45	0.47	0.47	0.47	0.49	0.71	0.49	0.44	0.41	0.47	0.56	0.91	0.47	0.42	0.48	0.46	0.47	0.46	0.44	0.43	0.45	0.50	0.44	0.40	0.52	0.51	0.43	0.45	0.43	0.40	0.37	0.39	0.49	0.40	0.49	0.49	0.47	0.52	0.52	0.55	0.53	0.51	0.57	0.58	0.50	0.55	0.51	0.51	0.61	0.66	0.71	0.76	0.73	0.79	0.71	0.82	0.71	0.73	0.69	0.80	0.84	0.80	0.77	0.72	0.68	0.73	0.80	0.75	0.71	0.67	0.76	0.71	0.58	0.78	0.51	0.55	0.74	0.62	0.67	0.75	0.64	0.74	0.68	0.63	0.70	0.61	0.69	0.57	0.66	0.79	0.78	0.80	0.63	0.61
chr19	55493830	55494831	25007836	25007894	0.56	0.87	0.79	0.84	0.67	0.57	0.79	0.77	0.88	0.90	0.52	0.63	0.63	0.57	0.70	0.65	0.86	0.65	0.41	0.71	0.76	0.89	0.58	0.66	0.21	0.45	0.60	0.79	0.66	0.93	0.67	0.55	0.82	0.56	0.52	0.39	0.67	0.86	NA	NA	0.56	0.77	0.63	0.82	0.70	1.00	0.75	0.93	0.88	0.76	0.94	0.89	0.84	0.81	0.88	0.70	0.60	0.68	0.75	0.86	0.70	1.00	0.84	0.98	0.74	0.56	0.77	0.50	0.84	0.67	0.56	0.68	0.70	0.91	0.81	0.54	0.95	0.86	0.51	0.75	0.68	0.48	0.36	0.45	0.46	0.85	0.77	0.64	0.42	0.83	0.83	0.75	0.93	0.52	0.76	0.71	0.77	0.68	0.44	0.71	0.73	0.80	0.95	0.85	0.80	0.95	0.75	0.57	0.92	0.92	0.92	1.00	0.86	0.93	0.78	0.89	0.72	0.63	0.88	0.90	0.90	1.00	0.88	0.94	0.94	1.00	0.77	0.92	0.97	0.91	0.95	0.73	0.94	0.97	0.90	0.98	0.95	0.93	0.95	0.96	0.80	1.00	0.95	0.86	0.92	0.86	0.61	0.79	0.63	0.75	0.86	0.91	0.82	0.72	0.70	0.86	0.89	0.84	0.76	0.86	0.85	0.65	0.76	0.82	0.75	0.81	0.56	0.64	0.89	0.86	0.83	0.66	0.77	0.68	0.47	0.55	0.63	0.67	0.70	0.92	0.85	0.86	0.70	0.89	0.86	0.89	0.81	0.76	0.91	0.96	0.56	0.84	0.42	0.79	0.85	0.87	0.94	0.95	NA	0.94	0.89	0.89	0.94	0.92	0.84	0.95	0.96	0.29	NA	NA	NA	0.62	NA	1.00	NA	NA	NA	NA	NA	NA	NA	NA	NA	NA	NA	NA	NA	NA	0.56	NA	NA	NA	NA	NA	NA	NA	NA	NA	NA	NA	NA	NA	NA	NA	NA	NA	NA	NA	NA	NA	NA	NA
chr19	57348262	57354648	25045666	25045899	0.46	0.47	0.41	0.44	0.46	0.43	0.39	0.44	0.46	0.49	0.47	0.48	0.46	0.48	0.51	0.47	0.42	0.48	0.40	0.43	0.49	0.47	0.50	0.51	0.36	0.47	0.44	0.38	0.48	0.50	0.50	0.41	0.44	0.36	0.42	0.41	0.37	0.39	0.43	0.35	0.36	0.38	0.38	0.54	0.47	0.41	0.42	0.51	0.54	0.49	0.44	0.48	0.43	0.38	0.46	0.49	0.46	0.47	0.47	0.50	0.49	0.48	0.52	0.40	0.43	0.40	0.43	0.40	0.36	0.17	0.39	0.43	0.40	0.43	0.48	0.44	0.44	0.46	0.47	0.40	0.45	0.47	0.46	0.46	0.50	0.49	0.47	0.50	0.46	0.47	0.46	0.44	0.46	0.47	0.48	0.52	0.40	0.45	0.39	0.37	0.40	0.53	0.52	0.56	0.58	0.49	0.63	0.59	0.56	0.52	0.51	0.56	0.60	0.57	0.56	0.54	0.52	0.55	0.59	0.48	0.49	0.50	0.48	0.50	0.49	0.52	0.48	0.52	0.50	0.54	0.50	0.50	0.50	0.52	0.50	0.50	0.51	0.46	0.43	0.48	0.50	0.57	0.53	0.61	0.52	0.44	0.45	0.41	0.46	0.47	0.44	0.48	0.50	0.47	0.50	0.53	0.51	0.57	0.46	0.45	0.49	0.44	0.43	0.46	0.42	0.47	0.44	0.40	0.43	0.48	0.60	0.40	0.43	0.40	0.46	0.43	0.45	0.46	0.49	0.47	0.48	0.47	0.43	0.50	0.40	0.47	0.47	0.42	0.47	0.45	0.44	0.52	0.48	0.48	0.62	0.74	0.73	0.70	0.70	0.77	0.73	0.65	0.74	0.74	0.63	0.74	0.77	0.51	0.55	0.59	0.57	0.54	0.58	0.62	0.56	0.54	0.55	0.62	0.59	0.58	0.55	0.56	0.55	0.58	0.59	0.57	0.56	0.56	0.54	0.53	0.54	0.61	0.53	0.48	0.55	0.52	0.56	0.58	0.54	0.60	0.56	0.54	0.57	0.52	0.61	0.52	0.58	0.62	0.58	0.61	0.55	0.52
chr20	30134591	30136205	25333449	25333500	0.41	0.46	0.43	0.39	0.45	0.46	0.44	0.47	0.47	0.43	0.43	0.45	0.47	0.45	0.46	0.46	0.49	0.43	0.44	0.44	0.45	0.47	0.43	0.41	0.43	0.48	0.44	0.47	0.45	0.43	0.45	0.42	0.44	0.49	0.40	0.48	0.49	0.44	0.50	0.41	0.45	0.43	0.43	0.43	0.41	0.35	0.42	0.46	0.50	0.53	0.46	0.53	0.47	0.47	0.53	0.42	0.42	0.50	0.43	0.45	0.41	0.48	0.44	0.46	0.38	0.39	0.48	0.57	0.47	0.26	0.46	0.42	0.44	0.46	0.37	0.40	0.48	0.45	0.43	0.52	0.42	0.47	0.45	0.41	0.44	0.40	0.44	0.43	0.42	0.43	0.47	0.39	0.45	0.44	0.50	0.41	0.45	0.43	0.43	0.37	0.43	0.50	0.51	0.54	0.51	0.55	0.56	0.55	0.48	0.54	0.46	0.47	0.50	0.42	0.52	0.52	0.51	0.47	0.48	0.52	0.46	0.58	0.48	0.47	0.47	0.50	0.46	0.43	0.50	0.48	0.47	0.45	0.48	0.53	0.48	0.51	0.50	0.46	0.41	0.52	0.49	0.42	0.47	0.51	0.46	0.51	0.36	0.42	0.41	0.45	0.46	0.46	0.49	0.46	0.39	0.46	0.41	0.42	0.42	0.47	0.46	0.44	0.45	0.36	0.39	0.44	0.42	0.39	0.49	0.44	0.45	0.48	0.51	0.44	0.42	0.41	0.34	0.48	0.41	0.44	0.50	0.42	0.47	0.36	0.38	0.37	0.46	0.44	0.50	0.39	0.38	0.39	0.42	0.42	0.44	0.51	0.45	0.46	0.38	0.47	0.46	0.47	0.43	0.40	0.39	0.49	0.44	0.61	0.57	0.66	0.67	0.61	0.67	0.67	0.61	0.65	0.59	0.61	0.66	0.66	0.61	0.59	0.63	0.64	0.63	0.67	0.63	0.64	0.65	0.60	0.46	0.51	0.52	0.46	0.57	0.47	0.51	0.55	0.49	0.63	0.50	0.51	0.51	0.51	0.48	0.52	0.53	0.54	0.52	0.60	0.46	0.45
chr20	36149502	36150874	25423055	25423144	0.61	0.67	0.64	0.81	0.77	0.56	0.59	0.54	0.73	0.63	0.66	0.80	0.72	0.81	0.71	0.79	0.68	0.73	0.89	0.77	0.80	0.77	0.64	0.64	0.58	0.55	0.50	0.52	0.74	0.65	0.67	0.53	0.80	0.53	0.56	0.58	0.54	0.50	0.51	0.56	0.48	0.51	0.57	0.57	0.58	0.53	0.53	0.60	0.44	0.39	0.39	0.44	0.36	0.45	0.37	0.43	0.41	0.72	0.85	0.87	0.93	0.93	0.91	0.89	0.85	0.88	0.86	0.93	0.91	0.88	0.91	0.56	0.59	0.55	0.73	0.68	0.69	0.59	0.59	0.56	0.63	0.62	0.51	0.57	0.87	0.67	0.60	0.74	0.64	0.53	0.61	0.58	0.47	0.60	0.55	0.96	0.79	0.97	0.49	0.38	0.54	0.70	0.66	0.62	0.64	0.65	0.72	0.69	0.83	0.71	0.65	0.68	0.74	0.70	0.65	0.69	0.69	0.66	0.85	0.73	0.69	0.67	0.64	0.57	0.58	0.68	0.52	0.51	0.60	0.63	0.62	0.62	0.55	0.58	0.62	0.59	0.51	0.57	0.55	0.57	0.63	0.66	0.66	0.58	0.63	0.49	0.70	0.54	0.73	0.65	0.53	0.36	0.51	0.37	0.66	0.75	0.52	0.45	0.48	0.68	0.79	0.68	0.72	0.60	0.70	0.88	0.80	0.80	0.68	0.62	0.52	0.57	0.61	0.82	0.37	0.37	0.42	0.33	0.59	0.60	0.56	0.51	0.50	0.67	0.62	0.76	0.64	0.65	0.73	0.74	0.67	0.75	0.61	0.72	0.85	0.91	0.91	0.90	0.87	0.90	0.88	0.89	0.92	0.94	0.86	0.91	0.92	0.64	0.64	0.65	0.69	0.68	0.61	0.72	0.67	0.65	0.59	0.69	0.72	0.61	0.67	0.60	0.57	0.59	0.65	0.74	0.66	0.63	0.67	0.56	0.59	0.66	0.69	0.57	0.71	0.60	0.62	0.71	0.74	0.71	0.64	0.58	0.67	0.63	0.70	0.55	0.58	0.72	0.68	0.73	0.65	0.58
chr20	36156023	36156669	25423254	25423309	0.01	0.01	0.01	0.01	0.01	0.01	0.01	0.01	0.01	0.00	0.00	0.00	0.01	0.01	0.01	0.00	0.01	0.01	0.01	0.01	0.00	0.01	0.01	0.01	0.01	0.00	0.01	0.01	0.00	0.01	0.01	0.00	0.01	0.01	0.01	0.01	0.00	0.01	0.01	0.00	0.00	0.01	0.00	0.01	0.01	0.01	0.01	0.01	0.00	0.01	0.01	0.01	0.01	0.01	0.01	0.00	0.01	0.01	0.01	0.01	0.01	0.01	0.01	0.01	0.01	0.01	0.01	0.00	0.01	0.01	0.00	0.01	0.01	0.00	0.00	0.01	0.01	0.01	0.01	0.01	0.01	0.01	0.01	0.01	0.01	0.01	0.01	0.01	0.01	0.00	0.01	0.01	0.01	0.01	0.01	0.01	0.00	0.01	0.01	0.01	0.01	0.01	0.01	0.01	0.01	0.01	0.01	0.01	0.01	0.01	0.00	0.01	0.01	0.00	0.01	0.01	0.00	0.00	0.01	0.01	0.01	0.01	0.00	0.01	0.01	0.01	0.01	0.01	0.01	0.01	0.01	0.01	0.00	0.01	0.01	0.00	0.01	0.01	0.01	0.01	0.00	0.01	0.01	0.01	0.01	0.01	0.00	0.01	0.01	0.01	0.01	0.01	0.01	0.01	0.01	0.01	0.01	0.01	0.01	0.00	0.01	0.01	0.00	0.01	0.01	0.01	0.01	0.01	0.01	0.01	0.00	0.01	0.01	0.01	0.01	0.01	0.01	0.01	0.01	0.01	0.01	0.00	0.00	0.01	0.01	0.01	0.01	0.00	0.01	0.01	0.01	0.00	0.00	0.01	0.00	0.01	0.01	0.01	0.01	0.01	0.00	0.01	0.01	0.00	0.01	0.01	0.00	0.01	0.01	0.02	0.02	0.02	0.02	0.01	0.01	0.02	0.02	0.02	0.03	0.02	0.03	0.02	0.02	0.02	0.02	0.01	0.02	0.02	0.02	0.02	0.02	0.02	0.02	0.01	0.02	0.02	0.02	0.02	0.02	0.02	0.02	0.02	0.02	0.02	0.02	0.02	0.03	0.02	0.02	0.02	0.02	0.02
chr20	42142005	42144040	25479613	25479701	0.48	0.57	0.50	0.48	0.61	0.48	0.49	0.56	0.56	0.53	0.56	0.56	0.54	0.56	0.47	0.53	0.62	0.51	0.50	0.53	0.46	0.59	0.52	0.39	0.57	0.52	0.48	0.53	0.55	0.52	0.56	0.47	0.58	0.46	0.53	0.50	0.46	0.43	0.45	0.50	0.49	0.44	0.44	0.58	0.41	0.47	0.53	0.60	0.55	0.61	0.56	0.52	0.63	0.61	0.75	0.52	0.48	0.48	0.55	0.54	0.53	0.45	0.55	0.49	0.52	0.39	0.44	0.43	0.41	0.27	0.46	0.49	0.43	0.46	0.52	0.47	0.47	0.47	0.47	0.48	0.48	0.55	0.46	0.54	0.51	0.51	0.49	0.51	0.54	0.52	0.49	0.47	0.53	0.51	0.45	0.57	0.55	0.46	0.33	0.39	0.43	0.49	0.50	0.57	0.58	0.55	0.59	0.46	0.59	0.55	0.54	0.56	0.47	0.55	0.55	0.50	0.49	0.51	0.44	0.50	0.55	0.53	0.55	0.55	0.52	0.59	0.52	0.61	0.53	0.48	0.49	0.52	0.51	0.48	0.51	0.50	0.56	0.53	0.53	0.47	0.51	0.44	0.54	0.61	0.48	0.47	0.57	0.58	0.65	0.54	0.42	0.74	0.50	0.74	0.45	0.54	0.54	0.55	0.42	0.48	0.49	0.49	0.42	0.46	0.49	0.50	0.43	0.49	0.46	0.48	0.39	0.44	0.60	0.50	0.52	0.45	0.50	0.50	0.50	0.07	0.49	0.47	0.38	0.48	0.50	0.51	0.47	0.36	0.47	0.50	0.48	0.53	0.41	0.47	0.53	0.49	0.40	0.54	0.42	0.51	0.48	0.47	0.42	0.45	0.44	0.40	0.45	0.62	0.69	0.65	0.62	0.69	0.68	0.74	0.59	0.65	0.64	0.66	0.75	0.65	0.65	0.65	0.64	0.63	0.68	0.77	0.66	0.67	0.67	0.60	0.56	0.59	0.56	0.49	0.64	0.54	0.60	0.61	0.62	0.60	0.59	0.56	0.59	0.58	0.62	0.52	0.59	0.59	0.61	0.63	0.56	0.57
chr20	57414039	57418833	25679070	25679328	0.47	0.47	0.49	0.46	0.43	0.43	0.40	0.44	0.45	0.39	0.47	0.43	0.46	0.40	0.44	0.40	0.43	0.45	0.48	0.42	0.45	0.47	0.49	0.48	0.37	0.43	0.45	0.44	0.42	0.49	0.46	0.49	0.46	0.43	0.48	0.46	0.47	0.43	0.48	0.45	0.44	0.47	0.45	0.52	0.42	0.43	0.42	0.48	0.55	0.46	0.43	0.47	0.46	0.49	0.45	0.45	0.45	0.44	0.43	0.47	0.45	0.41	0.46	0.48	0.45	0.37	0.34	0.35	0.43	0.39	0.38	0.44	0.42	0.44	0.41	0.41	0.41	0.45	0.47	0.48	0.42	0.48	0.40	0.47	0.46	0.47	0.45	0.48	0.42	0.47	0.50	0.50	0.47	0.45	0.59	0.52	0.51	0.49	0.34	0.36	0.37	0.51	0.48	0.51	0.54	0.44	0.54	0.48	0.47	0.43	0.49	0.52	0.52	0.53	0.51	0.50	0.50	0.50	0.48	0.49	0.51	0.52	0.48	0.46	0.48	0.48	0.44	0.46	0.50	0.48	0.49	0.47	0.47	0.49	0.47	0.47	0.46	0.48	0.45	0.44	0.52	0.48	0.50	0.55	0.53	0.45	0.50	0.45	0.43	0.44	0.42	0.46	0.48	0.44	0.45	0.49	0.46	0.51	0.48	0.43	0.42	0.40	0.42	0.47	0.50	0.48	0.47	0.45	0.40	0.43	0.48	0.49	0.47	0.50	0.48	0.47	0.53	0.43	0.45	0.46	0.48	0.46	0.41	0.42	0.44	0.43	0.44	0.45	0.44	0.42	0.44	0.45	0.43	0.52	0.50	0.59	0.60	0.57	0.57	0.61	0.59	0.52	0.62	0.61	0.49	0.59	0.64	0.49	0.50	0.52	0.59	0.54	0.51	0.65	0.60	0.51	0.49	0.58	0.65	0.53	0.57	0.49	0.54	0.51	0.55	0.69	0.51	0.52	0.54	0.54	0.51	0.55	0.57	0.47	0.58	0.51	0.55	0.58	0.55	0.64	0.55	0.51	0.55	0.50	0.55	0.50	0.51	0.62	0.56	0.61	0.49	0.47
chr20	57424437	57427537	25679372	25679485	0.46	0.46	0.45	0.44	0.52	0.46	0.41	0.48	0.51	0.46	0.50	0.47	0.47	0.52	0.46	0.49	0.48	0.52	0.48	0.51	0.48	0.42	0.53	0.47	0.37	0.43	0.44	0.45	0.43	0.60	0.57	0.46	0.44	0.47	0.49	0.50	0.38	0.44	0.45	0.41	0.43	0.34	0.46	0.50	0.52	0.48	0.47	0.51	0.56	0.50	0.52	0.60	0.50	0.56	0.57	0.50	0.51	0.45	0.45	0.41	0.46	0.50	0.47	0.40	0.48	0.42	0.47	0.37	0.35	0.29	0.39	0.45	0.41	0.58	0.46	0.38	0.39	0.60	0.55	0.51	0.49	0.49	0.47	0.46	0.49	0.52	0.47	0.51	0.46	0.46	0.44	0.48	0.51	0.50	0.41	0.51	0.55	0.47	0.36	0.36	0.39	0.53	0.56	0.55	0.56	0.55	0.55	0.47	0.57	0.55	0.56	0.50	0.50	0.55	0.52	0.52	0.52	0.52	0.66	0.50	0.56	0.59	0.57	0.51	0.47	0.54	0.51	0.48	0.52	0.51	0.54	0.45	0.50	0.52	0.53	0.52	0.47	0.56	0.45	0.51	0.53	0.52	0.56	0.52	0.46	0.64	0.66	0.59	0.61	0.51	0.47	0.66	0.66	0.66	0.63	0.73	0.66	0.60	0.46	0.53	0.59	0.53	0.53	0.47	0.52	0.75	0.45	0.40	0.43	0.52	0.58	0.47	0.60	0.63	0.75	0.54	0.52	0.63	0.57	0.50	0.48	0.48	0.41	0.49	0.44	0.46	0.46	0.45	0.44	0.44	0.37	0.43	0.47	0.46	0.45	0.49	0.49	0.53	0.42	0.47	0.46	0.51	0.47	0.50	0.46	0.47	0.48	0.48	0.54	0.55	0.53	0.53	0.55	0.58	0.62	0.49	0.50	0.54	0.66	0.52	0.57	0.54	0.53	0.50	0.50	0.68	0.50	0.50	0.50	0.50	0.50	0.55	0.55	0.49	0.58	0.52	0.50	0.54	0.49	0.59	0.53	0.54	0.53	0.51	0.54	0.50	0.48	0.54	0.55	0.57	0.49	0.49
chr20	57427942	57428033	25679507	25679516	0.37	0.44	0.30	0.36	0.32	0.23	0.24	0.33	0.21	0.25	0.40	0.29	0.16	0.49	0.25	0.27	0.23	0.22	0.28	0.30	0.30	0.37	0.45	0.25	0.05	0.13	0.13	0.19	0.40	0.30	0.36	0.38	0.36	0.37	0.34	0.27	0.05	0.11	0.30	0.83	0.13	0.08	0.23	0.61	0.28	0.43	0.29	0.36	0.67	0.46	0.43	0.37	0.54	0.62	0.41	0.38	0.41	0.25	0.16	0.07	0.36	0.07	0.17	0.10	0.15	0.26	0.31	0.18	0.17	0.14	0.27	0.33	0.10	0.18	0.03	0.20	0.14	0.37	0.29	0.26	0.25	0.41	0.16	0.22	0.45	0.23	0.41	0.30	0.27	0.22	0.26	0.31	0.31	0.31	0.41	0.51	0.37	0.28	0.19	0.12	0.39	0.26	0.30	0.30	0.25	0.47	0.41	0.22	0.36	0.33	0.41	0.26	0.39	0.43	0.46	0.36	0.22	0.32	0.41	0.39	0.37	0.34	0.23	0.30	0.24	0.69	0.27	0.20	0.37	0.43	0.47	0.45	0.18	0.34	0.39	0.35	0.03	0.38	0.13	0.30	0.20	0.13	0.38	0.38	0.41	0.57	0.12	0.31	0.13	0.37	0.28	0.27	0.51	0.29	0.14	0.19	0.31	0.22	0.03	0.13	0.09	0.12	0.16	0.18	0.09	0.28	0.27	0.18	0.28	0.07	0.21	0.04	0.22	0.16	0.22	0.24	0.33	0.18	0.35	0.47	0.17	0.21	0.14	0.50	0.13	0.20	0.23	0.10	0.14	0.25	0.09	0.07	0.24	0.24	0.19	0.24	0.18	0.24	0.13	0.30	0.14	0.07	0.15	0.28	0.10	0.13	0.14	0.42	0.43	0.59	0.23	0.45	0.44	0.09	0.21	0.47	0.56	0.42	0.55	0.53	0.38	0.44	0.47	0.17	0.30	0.39	0.42	0.42	0.44	0.23	0.32	0.44	0.47	0.18	0.45	0.45	0.18	0.40	0.30	0.43	0.29	0.50	0.47	0.47	0.43	0.46	0.12	0.33	0.49	0.46	0.31	0.35
chr20	57428568	57431380	25679536	25679738	0.50	0.48	0.52	0.50	0.48	0.46	0.44	0.50	0.52	0.48	0.51	0.46	0.48	0.49	0.44	0.51	0.53	0.48	0.53	0.51	0.54	0.46	0.46	0.49	0.37	0.41	0.53	0.49	0.49	0.53	0.50	0.42	0.47	0.43	0.48	0.52	0.45	0.44	0.45	0.48	0.41	0.45	0.48	0.61	0.50	0.44	0.44	0.58	0.66	0.51	0.45	0.49	0.51	0.51	0.46	0.52	0.46	0.46	0.47	0.44	0.49	0.47	0.53	0.48	0.49	0.45	0.37	0.40	0.40	0.39	0.41	0.49	0.52	0.51	0.34	0.32	0.31	0.53	0.46	0.49	0.46	0.54	0.48	0.44	0.47	0.48	0.56	0.50	0.42	0.51	0.48	0.49	0.44	0.46	0.48	0.52	0.60	0.46	0.39	0.31	0.36	0.52	0.50	0.54	0.46	0.51	0.60	0.54	0.49	0.51	0.46	0.52	0.51	0.55	0.57	0.46	0.53	0.55	0.56	0.51	0.56	0.58	0.44	0.45	0.44	0.45	0.48	0.46	0.51	0.48	0.49	0.42	0.48	0.55	0.49	0.51	0.53	0.51	0.41	0.50	0.50	0.52	0.50	0.51	0.41	0.39	0.45	0.43	0.44	0.47	0.46	0.42	0.46	0.43	0.45	0.43	0.43	0.43	0.45	0.44	0.41	0.38	0.48	0.49	0.45	0.50	0.43	0.43	0.48	0.54	0.53	0.42	0.42	0.44	0.45	0.50	0.46	0.41	0.42	0.47	0.42	0.50	0.45	0.46	0.44	0.45	0.48	0.44	0.44	0.46	0.48	0.49	0.59	0.51	0.45	0.50	0.52	0.50	0.45	0.49	0.51	0.51	0.56	0.51	0.52	0.54	0.56	0.53	0.53	0.55	0.60	0.58	0.54	0.70	0.54	0.56	0.52	0.67	0.72	0.61	0.56	0.56	0.56	0.59	0.60	0.70	0.55	0.57	0.60	0.55	0.52	0.63	0.51	0.49	0.61	0.52	0.54	0.63	0.53	0.63	0.57	0.55	0.62	0.50	0.60	0.49	0.56	0.66	0.61	0.64	0.52	0.49
chr20	57458962	57465329	25680039	25680277	0.54	0.54	0.54	0.56	0.54	0.51	0.50	0.56	0.58	0.55	0.55	0.54	0.57	0.57	0.47	0.56	0.55	0.67	0.52	0.58	0.67	0.53	0.48	0.52	0.49	0.49	0.49	0.56	0.56	0.62	0.54	0.51	0.54	0.51	0.60	0.58	0.54	0.52	0.52	0.54	0.55	0.49	0.54	0.57	0.57	0.55	0.60	0.62	0.53	0.56	0.54	0.62	0.58	0.55	0.54	0.55	0.57	0.55	0.49	0.51	0.53	0.53	0.60	0.49	0.52	0.51	0.47	0.51	0.50	0.37	0.45	0.48	0.45	0.55	0.40	0.33	0.38	0.50	0.51	0.46	0.54	0.59	0.55	0.56	0.53	0.54	0.56	0.55	0.52	0.56	0.55	0.53	0.54	0.59	0.55	0.53	0.59	0.49	0.45	0.46	0.49	0.59	0.55	0.59	0.55	0.50	0.58	0.50	0.57	0.59	0.55	0.53	0.49	0.57	0.54	0.59	0.57	0.58	0.54	0.56	0.60	0.58	0.63	0.51	0.51	0.60	0.54	0.64	0.60	0.51	0.58	0.52	0.59	0.64	0.52	0.59	0.60	0.59	0.48	0.52	0.49	0.58	0.55	0.61	0.56	0.56	0.50	0.54	0.46	0.41	0.46	0.50	0.61	0.52	0.50	0.53	0.50	0.51	0.52	0.48	0.49	0.45	0.47	0.52	0.53	0.52	0.55	0.48	0.48	0.42	0.49	0.46	0.48	0.48	0.53	0.55	0.52	0.48	0.45	0.46	0.51	0.56	0.55	0.52	0.50	0.52	0.50	0.48	0.49	0.45	0.48	0.50	0.65	0.51	0.52	0.52	0.53	0.57	0.49	0.53	0.52	0.52	0.53	0.49	0.48	0.51	0.59	0.62	0.63	0.63	0.74	0.68	0.67	0.75	0.68	0.65	0.65	0.73	0.73	0.66	0.69	0.63	0.68	0.62	0.67	0.74	0.62	0.66	0.68	0.61	0.57	0.65	0.59	0.60	0.66	0.60	0.61	0.69	0.60	0.65	0.66	0.61	0.62	0.59	0.64	0.57	0.60	0.73	0.68	0.68	0.62	0.61
chr21	40756696	40758725	26036696	26036775	0.66	0.61	0.66	0.63	0.60	0.54	0.61	0.54	0.60	0.66	0.60	0.75	0.67	0.66	0.62	0.64	0.63	0.74	0.63	0.59	0.62	0.60	0.65	0.62	0.62	0.60	0.57	0.57	0.55	0.57	0.58	0.53	0.60	0.57	0.58	0.57	0.57	0.55	0.45	0.54	0.53	0.50	0.41	0.59	0.54	0.61	0.56	0.62	0.68	0.56	0.55	0.58	0.59	0.58	0.53	0.48	0.47	0.51	0.54	0.45	0.48	0.55	0.49	0.55	0.50	0.49	0.49	0.47	0.39	0.29	0.42	0.51	0.52	0.56	0.52	0.57	0.54	0.50	0.50	0.60	0.65	0.57	0.56	0.64	0.47	0.63	0.59	0.49	0.59	0.63	0.66	0.60	0.61	0.62	0.60	0.70	0.55	0.62	0.53	0.65	0.68	0.85	0.90	0.83	0.81	0.82	0.84	0.76	0.87	0.78	0.81	0.81	0.75	0.81	0.80	0.77	0.82	0.80	0.78	0.77	0.82	0.70	0.81	0.68	0.67	0.77	0.67	0.77	0.76	0.67	0.63	0.69	0.70	0.72	0.76	0.69	0.70	0.75	0.74	0.72	0.74	0.84	0.80	0.69	0.70	0.57	0.60	0.58	0.63	0.64	0.62	0.59	0.56	0.58	0.64	0.57	0.56	0.61	0.59	0.57	0.52	0.57	0.54	0.68	0.63	0.59	0.58	0.59	0.57	0.64	0.42	0.53	0.54	0.56	0.52	0.56	0.53	0.29	0.56	0.53	0.58	0.59	0.50	0.59	0.55	0.55	0.55	0.52	0.50	0.54	0.57	0.55	0.57	0.58	0.58	0.59	0.60	0.62	0.56	0.54	0.55	0.65	0.25	0.48	0.52	0.48	0.26	0.71	0.78	0.78	0.71	0.74	0.75	0.75	0.69	0.76	0.76	0.78	0.75	0.77	0.78	0.76	0.75	0.74	0.79	0.68	0.73	0.77	0.77	0.78	0.73	0.80	0.73	0.68	0.78	0.70	0.77	0.77	0.78	0.79	0.73	0.77	0.73	0.78	0.76	0.73	0.75	0.83	0.79	0.78	0.76	0.76
chr22	42076956	42078943	26566160	26566235	0.50	0.55	0.43	0.49	0.50	0.52	0.46	0.45	0.50	0.56	0.52	0.51	0.53	0.44	0.43	0.51	0.50	0.49	0.47	0.49	0.34	0.53	0.46	0.48	0.41	0.57	0.51	0.56	0.52	0.41	0.52	0.50	0.52	0.53	0.53	0.51	0.37	0.45	0.45	0.31	0.47	0.50	0.47	0.49	0.51	0.49	0.47	0.49	0.52	0.52	0.40	0.51	0.48	0.48	0.42	0.48	0.46	0.42	0.46	0.49	0.48	0.48	0.52	0.40	0.46	0.40	0.45	0.45	0.40	0.32	0.48	0.53	0.49	0.49	0.46	0.47	0.47	0.45	0.51	0.48	0.45	0.49	0.44	0.51	0.49	0.52	0.45	0.48	0.49	0.50	0.45	0.43	0.48	0.45	0.51	0.34	0.48	0.45	0.47	0.40	0.47	0.49	0.52	0.52	0.54	0.52	0.50	0.55	0.51	0.53	0.46	0.58	0.48	0.53	0.50	0.53	0.51	0.54	0.59	0.52	0.54	0.53	0.53	0.50	0.44	0.54	0.56	0.51	0.52	0.45	0.48	0.45	0.47	0.50	0.51	0.47	0.55	0.50	0.52	0.46	0.47	0.49	0.49	0.42	0.46	0.52	0.52	0.45	0.46	0.47	0.48	0.51	0.30	0.50	0.45	0.41	0.48	0.45	0.53	0.51	0.43	0.48	0.47	0.56	0.44	0.53	0.49	0.45	0.44	0.49	0.45	0.47	0.48	0.51	0.52	0.49	0.49	0.43	0.44	0.48	0.50	0.42	0.40	0.49	0.47	0.42	0.44	0.49	0.44	0.41	0.43	0.46	0.38	0.36	0.45	0.44	0.41	0.43	0.38	0.34	0.46	0.44	0.46	0.48	0.44	0.36	0.43	0.59	0.65	0.66	0.67	0.63	0.59	0.70	0.64	0.63	0.59	0.63	0.68	0.68	0.67	0.63	0.61	0.63	0.68	0.70	0.58	0.60	0.65	0.60	0.51	0.57	0.57	0.50	0.56	0.51	0.51	0.52	0.55	0.61	0.51	0.56	0.53	0.52	0.56	0.53	0.54	0.61	0.56	0.59	0.53	0.49
